Jitter,Shimmer,HNR,NHR,VTL,VFER,GNE,GQ,F0,F1,F2,F3,Label
2.099447513812156e-06,0.002154777,9.068368983836441,0.09932095273875839,26.65,0.9999996961228037,0.8858562351388201,0.6427152340569475,184.66,328.37,2179.88,3172.8,1
8.679245283018871e-06,0.0034386977,18.94572061085597,0.050136067756595584,12.99,0.9999999668378359,0.9873876430959658,0.5597917846409975,127.18,673.84,1019.07,2343.1,1
0.0,0.0023597896,27.191110582509168,0.0354721747152607,29.65,0.9999999556407473,0.9980515943504927,0.5947013760349474,146.26,295.11,982.22,2693.26,1
1.1978609625668453e-05,0.0138881095,16.15243855670198,0.05830074812361124,9.73,0.9583333145149103,0.9761284994283622,0.6638645398427736,275.49,899.0,1368.26,3226.42,1
0.0003921739130434783,0.010423532,19.53271781408403,0.048702758643771396,21.3,0.7857132078613143,0.9755770611546632,0.5790015557178273,228.25,410.77,1777.03,2909.8,1
6.1176470588235455e-06,0.003752226,21.70879533254931,0.04403580134286846,19.08,0.9999999727882071,0.9932781743408347,0.6969129557748313,335.51,458.53,971.61,3168.1,1
2.504587155963303e-05,0.009293023,20.989789988372518,0.04547565031447628,21.95,0.9285714153166432,0.9919706638182644,0.69506502473389,362.58,398.6,2194.1,3085.2,1
0.0001544950495049505,0.006553543,22.657333615502058,0.04227019055709326,17.85,0.6397796637597523,0.9904453848042479,0.7675813171542964,213.83,490.28,1948.82,3011.33,1
6.138613861386151e-06,0.0068220384,13.942528829292979,0.0669230765035985,8.92,0.9999999900453922,0.9611467356231579,0.49975769436453354,339.69,980.48,1657.64,2932.37,1
0.0,0.0029623096,23.47752217157315,0.04085380836305993,32.35,0.9999999615302997,0.9955031074657194,0.517382351147177,198.64,270.49,2360.41,2967.65,1
0.0003347058823529411,0.012797187,19.00463406310992,0.049988417525920995,13.07,0.828571416789808,0.9874446455483825,0.6843053229181132,260.74,669.31,995.89,2061.18,1
4.651162790697672e-06,0.0053107683,20.56543424929327,0.04637050144412332,19.06,0.9999999869772406,0.991245730761897,0.5948161263920685,262.58,459.15,807.83,2838.28,1
4.361333333333333e-05,0.009582113,22.946693378253954,0.04175941889781335,15.69,0.5076922156957688,0.9906082321707802,0.6842581472015709,263.92,557.55,2113.35,3149.93,1
2.2033898305084803e-06,0.0051822984,20.896736098208283,0.045668906795740476,24.4,0.9999999958693234,0.9918848241373104,0.782603814155845,350.51,358.55,2399.12,2879.89,1
3.400000000000009e-06,0.0048172,18.60364265746356,0.051010927788937066,19.69,0.9999999811753723,0.9859072150478234,0.5887481567697616,262.9,444.44,2655.6,3444.16,1
9.777777777777778e-05,0.010166121,16.64061250007188,0.056687374091796715,11.69,0.9999999953573664,0.9787686664004567,0.6088667347734131,241.37,748.62,1233.02,2510.77,1
5.590062111801244e-06,0.003987946,18.114213234807572,0.052317089263133734,12.7,0.9999999824000718,0.9847801005287592,0.6526794837791235,106.77,688.72,1152.05,2159.02,1
0.00028437869822485213,0.028201474,19.381026809771125,0.04906524138031051,18.53,0.8045974779337388,0.9588980499365825,0.43482541942334807,122.14,472.18,1726.93,2768.98,1
8.078817733990152e-06,0.014279069,24.34690689102054,0.039452545602487794,21.8,0.9999999852560431,0.9963040516099195,0.7292008662941032,203.69,401.46,835.58,2453.98,1
1.551724137931035e-05,0.0071579507,22.816969683875058,0.0419868695838764,22.67,0.9333333264568725,0.9947520531271775,0.6901656702775848,269.75,385.92,916.76,2594.08,1
5.409836065573752e-06,0.010108823,23.757896769131733,0.040391153147015496,26.36,0.9999999827422875,0.9957750981691685,0.6626612683519351,253.66,332.0,0.0,2465.05,1
5.409836065573752e-06,0.010108823,23.757896769131733,0.040391153147015496,26.36,0.9999999827422875,0.9957750981691685,0.6626612683519351,253.66,332.0,0.0,2465.05,1
5.2319201995012464e-05,0.007776113,20.718296050749135,0.04604412784793523,13.84,0.5072778572818664,0.9884142070107751,0.4792583561620804,277.5,632.35,2081.04,3224.94,1
4.705882352941189e-06,0.014595331,24.403497939155084,0.039364657670181456,21.67,0.9999999843830221,0.9963591714575201,0.6256762006781537,198.22,403.73,813.57,2348.9,1
5.763779527559055e-05,0.0048926645,17.742252677493767,0.05335537927096824,12.08,0.9999999930953983,0.9834432645939908,0.610051007764494,125.92,724.52,1128.57,2265.33,1
7.540983606557375e-06,0.009735608,16.320404702302053,0.057735371498974855,10.17,0.9999999957741567,0.9771634076167007,0.701107304322866,252.99,860.05,1367.46,2753.07,1
0.0,0.0039022537,17.004555464909597,0.05554149903611748,20.78,0.9999999326372803,0.9801623908846874,0.6620601426488305,225.15,421.04,2466.76,3172.9,1
2.462962962962963e-05,0.014333654,22.700474890076254,0.042193247377448756,18.96,0.9272727146274168,0.9942145311752443,0.64465101168768,414.28,461.6,1094.44,2965.56,1
0.0,0.0051111556,21.685105971675064,0.044081786580526174,18.93,0.9999999893864536,0.9932385656860844,0.6158658956625717,246.96,462.24,861.38,2929.44,1
0.00011414090782511836,0.011880049,22.57692461565171,0.04241435285992062,17.86,0.6758767177701159,0.9925260709466616,0.6352003784400679,213.6,489.85,1730.47,2811.66,1
0.00031647058823529414,0.0204356,21.487237761559058,0.04446966811145902,17.72,0.5909088377101135,0.9877041453863258,0.5308178375367888,245.73,493.8,1871.66,2885.69,1
0.0,0.004103574,23.32522295578295,0.04110959236911188,23.86,0.9999999853757161,0.9953147734403168,0.5520847997228756,220.7,366.75,2424.94,3229.32,1
0.0,0.0037939341,25.27645630354093,0.03805688211713858,29.94,0.9999999561200206,0.996965474834734,0.7006309884329139,102.29,292.27,2529.32,3616.05,1
5.494505494505509e-06,0.0054405127,23.776317239620106,0.040361123500666514,24.56,0.9999999966036441,0.9957920493015675,0.606389440365795,313.88,356.25,929.32,2824.67,1
0.0001664864864864865,0.0032938365,25.47927099890516,0.03776539014391095,25.74,0.9999999833986447,0.9971443088153493,0.6172201478738975,175.84,339.9,920.87,3150.25,1
0.0,0.002649644,25.89755585255491,0.03717809921026759,29.64,0.9999999752812647,0.9974088429576607,0.6059092775265842,224.53,295.23,0.0,2676.34,1
7.037037037037048e-06,0.0031996362,19.64626789969212,0.04843490382176588,29.57,0.999999978707071,0.9890557238498131,0.5960597785425246,276.11,295.94,2390.78,3096.9,1
1.568e-05,0.0075842286,14.56443929689257,0.06424902181986404,22.98,0.9374999711084124,0.9647838193265307,0.5994485838824108,268.73,380.84,2668.19,3186.39,1
2.1566265060240958e-05,0.0042502163,18.685008288934625,0.050800080209370393,12.77,0.9999999258155791,0.98658484436586,0.7301044458925309,101.14,685.09,1080.52,2210.93,1
2.824561403508771e-05,0.014072619,17.720325232596167,0.05341787536141637,10.72,0.9316239252783473,0.9830579224346823,0.543273167979465,348.47,816.19,1229.49,3322.45,1
0.0,0.0024939643,24.967644567655242,0.03850946116405102,23.19,0.9999999818194077,0.9968027550602818,0.6525246405312658,130.98,377.39,991.78,2586.44,1
0.00011088047220855879,0.007922068,20.7554254917174,0.045965545485686515,15.08,0.585019984273401,0.9886379716246108,0.549165865547542,266.16,580.24,1953.4,3167.9,1
5.769230769230776e-06,0.00454976,21.131052280065685,0.04518537968032996,20.34,0.9999999567583762,0.9923066877767387,0.49421164912314663,261.87,430.26,807.38,2983.68,1
5.1959163830821585e-05,0.006366563,22.52982678586932,0.042499250381245614,18.71,0.6470174886491376,0.9923706435778784,0.5200934265952686,116.87,467.56,1730.33,2873.43,1
0.0,0.0067569898,24.064371632482793,0.03989726990418644,21.85,0.9999999818453199,0.9960672962461095,0.5691158060487762,229.95,400.42,847.21,2828.72,1
2.032085561497327e-05,0.0052232384,18.12220001627385,0.05229523795112252,22.0,0.9583332784347682,0.9826421048578244,0.6835839291289053,289.44,397.74,2541.61,3121.88,1
0.00027921951219512197,0.0040769996,19.380795298352428,0.0490657987267474,33.71,0.9999999760759779,0.9879683412006826,0.6104419780145077,108.88,259.54,2232.75,2706.5,1
4.027777777777788e-06,0.0120317675,15.0848240332298,0.06217040347684811,9.59,0.9999999880841597,0.9699074161663597,0.4891885245524575,263.61,912.86,1565.84,3002.81,1
2.884615384615392e-06,0.005098783,22.16818096634993,0.04316264627993135,20.18,0.9999999954719639,0.9939444802382282,0.6330003618452323,316.67,433.69,819.41,3126.77,1
8.711656441717814e-06,0.005419772,21.896538736426496,0.043674723568985684,30.31,0.9999999912653318,0.9934284802889276,0.6501023733575351,261.3,288.69,2368.57,3008.45,1
6.608695652173926e-06,0.004323147,21.60445044057425,0.04423907595669889,25.01,0.9999999933839633,0.9930032550606016,0.5291329839625764,315.18,349.84,2425.51,2856.94,1
3.5806451612903225e-05,0.011076404,23.905832111460448,0.04015123829329311,24.65,0.8749999845890335,0.9958282327171868,0.590368187832183,281.06,354.95,2462.56,3070.3,1
0.0,0.018208923,24.218646335967467,0.03965319893374986,20.91,0.9999999901788139,0.9962046157736577,0.6999716626196307,232.24,418.49,863.79,2539.28,1
5.409836065573752e-06,0.010108823,23.757896769131733,0.040391153147015496,26.36,0.9999999827422875,0.9957750981691685,0.6626612683519351,253.66,332.0,0.0,2465.05,1
3.165217391304349e-05,0.007170304,18.025931867194323,0.05255984342739402,12.39,0.9999999931052019,0.9844458082620392,0.5551492807673802,149.31,706.42,1151.54,2105.47,1
6.785714285714304e-06,0.009779794,15.708465520475022,0.05984990056534946,9.76,0.9999999946004969,0.9737844702206492,0.47431985222380324,349.39,896.24,1271.73,2803.54,1
1.8315789473684214e-05,0.0075823334,22.324216320326393,0.04287389493676271,19.11,0.9587628305334089,0.9941366196351568,0.6157175663544122,275.75,457.97,907.38,3079.36,1
0.0,0.0044297227,20.495250680163288,0.046521904530419905,28.64,0.999999977598727,0.9907437556183148,0.6456720733405307,218.25,305.5,2272.81,2895.57,1
0.00027652694610778443,0.023241935,19.6091640201963,0.04852210400286169,19.01,0.7701043678987934,0.9869159676900582,0.6179311505410774,253.77,460.23,1824.28,2735.04,1
5.3658536585365835e-06,0.008330555,23.969788533286476,0.04004839683231318,28.52,0.9999999963765897,0.9959878569394612,0.5964308453416096,276.36,306.8,2408.77,3188.28,1
1.5076923076923083e-05,0.012291072,16.999689485462717,0.055556513950290126,10.67,0.9393939329549195,0.9803684052862808,0.7447046708065345,266.1,819.86,1323.01,2673.42,1
0.0010098765432098764,0.0066547156,17.31927697436079,0.05458730720647848,10.96,0.9999999772866182,0.9817706403694176,0.6167842811476764,222.25,798.67,1373.34,2828.22,1
0.0,0.004699282,23.63345576155899,0.04059519742903959,34.47,0.9999999837177153,0.9953792047817007,0.6495453663374834,101.03,253.83,2352.7,2953.28,1
6.315205913410771e-05,0.007306102,20.819963843903306,0.04582959014752946,13.92,0.4999998952863149,0.986335982314043,0.5385512223572271,284.23,628.49,1992.15,3220.86,1
0.0,0.0039804024,23.373133879390277,0.041028782139730983,18.61,0.9999999841379609,0.9954046402997753,0.7312088878650216,231.78,470.19,1076.69,2732.33,1
4.444444444444456e-07,0.0039683026,20.669050337826512,0.04614876906969721,17.87,0.999999940731454,0.9913929211659753,0.5468167958524742,247.42,489.59,0.0,3118.23,1
0.0,0.0016626343,26.156830654061174,0.03682314820674609,30.33,0.999999976148514,0.9975516480067661,0.6310061522861503,104.38,288.51,857.15,2665.18,1
5.641025641025634e-06,0.0026495517,23.702921356810137,0.04048104212274953,27.73,0.9999999828339405,0.995721687433043,0.6170669765884639,264.99,315.54,803.03,2840.12,1
0.00022554054054054054,0.00479992,18.431133601139198,0.05146380136778909,12.06,0.9999999622221664,0.9858378916874199,0.7241454865205802,105.58,725.41,1124.05,2321.58,1
5.694915254237287e-05,0.010049594,24.021757144490515,0.03996521883836555,23.93,0.8064515968718828,0.9959916635226159,0.5702162066697806,265.06,365.59,891.95,2470.58,1
8.571428571428595e-06,0.005192348,23.05261090136999,0.041575528083025774,23.02,0.9999999934805216,0.9950614776641488,0.6977943681020234,375.32,380.03,2244.46,2705.99,1
0.0002663565891472868,0.0071815667,19.7211361708347,0.048259901954966856,28.35,0.9696969443284515,0.986989495989835,0.6663614221790463,163.03,308.6,2210.09,2929.63,1
0.00014815418239618518,0.0067852316,21.42858364586928,0.04458596297426797,16.88,0.5164221669656209,0.9861984630456642,0.6501023733575351,291.41,518.42,1816.42,2898.74,1
6.165413533834577e-06,0.0032587266,21.928735237629244,0.043613395577042594,31.23,0.9999999796218944,0.9935881934898656,0.6842581472015709,256.75,280.19,2743.23,3488.71,1
7.227722772277223e-06,0.007105006,17.78000688587213,0.05324811679128204,11.74,0.99999998602881,0.9835561880278697,0.6602418054940408,116.24,745.37,1149.45,2550.12,1
4.054054054054065e-06,0.008912782,17.636168631591275,0.05365909805649862,11.37,0.9999999936437313,0.9829545493525939,0.5231278644115919,251.34,769.38,1265.07,2660.29,1
0.0,0.003396776,24.282913087064884,0.03955240428808083,23.54,0.9999999726010519,0.99626422339553,0.6629945973678555,221.63,371.72,917.32,2374.75,1
0.0003020118343195266,0.026356714,21.303199557473995,0.044836616263198494,17.96,0.6896550760829911,0.9846422085452593,0.5050410714322676,239.39,487.28,1827.44,2752.25,1
2.7642276422764223e-05,0.019821042,16.638661381772813,0.05669364462279239,9.63,0.9374999950530503,0.9787097433700137,0.6162277944679746,285.81,909.06,1374.85,3082.32,1
0.0,0.0029307853,20.191869969404173,0.04718790750621597,23.23,0.9999999449749488,0.9897524239215845,0.549165865547542,228.56,376.74,2945.11,3519.44,1
1.9154929577464798e-05,0.007319491,23.833724156631465,0.04026782264684878,22.31,0.9444444383388206,0.995865618022301,0.7063236695718684,297.6,392.14,848.99,2595.37,1
0.0004382352941176471,0.0020079892,26.00300106167123,0.03703292081188066,25.86,0.999999968754057,0.9974753324273373,0.6459639420707753,104.76,338.35,2259.67,2400.18,1
7.169811320754736e-06,0.007814803,24.290789336779206,0.03954008657791266,27.47,0.9999999921322289,0.9962426610927099,0.7123914753734897,273.25,318.58,827.46,2229.01,1
0.0003603870967741935,0.014094711,20.270675623644316,0.04701308118715364,17.25,0.7190973500327319,0.982471807259441,0.7148468826824312,251.19,507.39,1957.85,2984.98,1
3.870129870129871e-05,0.010373995,16.79975686208916,0.056180542675268307,10.79,0.9746835311217027,0.9794723391590592,0.6673796817463742,320.76,811.25,1262.34,2615.67,1
7.3298429319371645e-06,0.008800726,23.740863886581668,0.04041896049322494,22.73,0.999999997204674,0.9957826833063335,0.4872700718720551,380.46,385.03,996.27,2678.72,1
3.1249999999999993e-06,0.0057678223,20.09402126220726,0.04740679776366931,29.38,0.9999999937853139,0.9902091655954387,0.5244176151823111,268.65,297.86,2653.94,3347.54,1
0.0,0.0037160474,16.171812720558872,0.058234970079935396,19.64,0.9999999338443541,0.9760441430427316,0.7234648680979283,247.27,445.6,2740.56,3262.94,1
0.0,0.0023636196,22.274370462046598,0.04296571637160692,33.23,0.9999999589190931,0.9935545278400336,0.5200934265952686,106.49,263.29,2204.7,2690.26,1
0.0,0.0050424575,20.137372707565774,0.04730956935069165,29.79,0.9999999795806035,0.9887733224345768,0.5575840928724595,101.53,293.68,2116.86,2601.73,1
4.587155963302756e-06,0.003894771,18.44539818694705,0.05142604900069682,22.7,0.9999999625102551,0.9857847801351816,0.5385512223572271,263.16,385.53,2712.94,3166.16,1
0.0003331578947368421,0.004054421,24.554277952859522,0.03913239113406842,16.63,0.9999999835553239,0.996439301969303,0.6640702829768017,145.92,526.17,1853.29,2775.24,1
5.925925925925941e-06,0.011862861,17.198871466389104,0.05494846215309928,10.19,0.9999999976763229,0.9812627498777242,0.6115434294932647,461.1,859.0,1266.54,3611.21,1
0.00014497271073377806,0.0063219396,23.43172078889311,0.04093039571959292,18.94,0.7723917651759831,0.9939982560531995,0.6495453663374834,134.29,462.05,2079.07,2930.9,1
1.9322033898305077e-05,0.003175897,23.65472732941515,0.04056017276682336,18.11,0.9999999456226741,0.9956782247582062,0.7437320047718794,85.19,483.2,2546.87,3139.47,1
5.714285714285707e-06,0.0070355474,16.056172731958796,0.05862980023216241,8.95,0.9999999950951104,0.9757897993893397,0.611141612360887,265.75,977.41,1477.04,2709.78,1
3.096296296296296e-05,0.008469871,17.263726266889392,0.05475333923575696,11.67,0.9420289768951253,0.98147015662556,0.48865245749632263,208.03,749.68,1257.98,2913.18,1
0.0,0.0038257674,18.622247427469187,0.05096256194385256,25.03,0.9999999798605216,0.9860051146285043,0.7576606970591926,228.89,349.54,2865.27,3487.96,1
4.5217391304347605e-06,0.0035570227,23.796442711647888,0.040328365307426124,22.94,0.9999999917281333,0.9958301407564043,0.5255580030840374,326.58,381.38,857.23,2182.78,1
7.86127167630055e-06,0.0060521825,25.258617346352818,0.038082736299856805,25.67,0.9999999930883796,0.997019231655326,0.7031536337459607,264.6,340.91,911.47,2430.34,1
2.736842105263165e-06,0.0048680357,21.45807001143561,0.04452742374971677,16.31,0.9999999917225642,0.9928842845570586,0.743340534272691,321.74,536.47,2585.8,3594.15,1
2.5894736842105272e-05,0.0066984477,19.446088030345823,0.04890911153839369,25.47,0.9183673345782042,0.9880782809961386,0.6982850029117157,300.54,343.57,2502.86,2965.73,1
6.698795180722893e-05,0.0038477886,18.88846892394439,0.05028039130735029,13.19,0.9999999780504231,0.9871077014353499,0.6741434490004081,234.92,663.16,1146.24,2513.91,1
0.00024153846153846152,0.010409546,18.601057200825554,0.05101765633120453,13.26,0.9999999944490878,0.986359029115463,0.6937366661838654,115.72,659.81,1031.37,2596.13,1
0.0,0.0051904134,20.582346525101073,0.046334164769199805,29.28,0.9999999914850712,0.9912314845187583,0.678054726156509,228.81,298.83,2574.77,3161.15,1
4.2181818181818176e-05,0.005021159,23.635332480201438,0.04059210488852404,20.05,0.9705880775733301,0.9956506378054296,0.5610145825896649,255.59,436.5,1354.02,2835.46,1
0.00011171029042667621,0.005195158,21.589649461980894,0.04426806186979714,16.04,0.531881340711995,0.9894742845356307,0.5887481567697616,263.97,545.39,2033.45,3030.65,1
3.0333333333333333e-05,0.013075511,20.79297556512813,0.045886345213002604,26.73,0.9354838597475392,0.9913819539791022,0.5847297697847689,293.16,327.37,2583.47,3332.65,1
6.165413533834577e-06,0.0032587266,21.928735237629244,0.043613395577042594,31.23,0.9999999796218944,0.9935881934898656,0.6842581472015709,256.75,280.19,2743.23,3488.71,1
0.0,0.005719785,21.44949252951611,0.04454443674774481,26.65,0.9999999835991443,0.9928320940599623,0.4986229030141214,195.64,328.29,2239.08,2877.18,1
0.0007577333333333334,0.011202189,17.214621797603947,0.054900947772165413,11.6,0.9999999954290398,0.9813276808131306,0.5572510895280777,228.63,754.28,1328.43,2469.33,1
5.2631578947368405e-06,0.007185016,17.15614119659063,0.05507778272774065,10.68,0.9999999968199949,0.9810996472113857,0.66856264693189,281.98,819.54,1338.3,2573.74,1
0.0,0.0024847584,20.900298158786807,0.0456614787958392,18.36,0.9999999660234759,0.9918817161711341,0.6656288524845059,237.45,476.48,2762.13,3490.67,1
0.00024018348623853206,0.007922111,16.838601210440775,0.056058207042304915,11.38,0.9910714219729285,0.9796638364990521,0.6608369746067493,146.99,769.15,1215.12,2485.87,1
0.0,0.0024831863,23.515226715152085,0.0407909749976708,19.62,0.999999946872585,0.9955378474713211,0.6583356520421638,228.18,445.88,871.34,2429.22,1
5.5223880597015074e-06,0.0069115483,20.8067017631112,0.04585746211706471,26.17,0.9999999942450277,0.9917199110183165,0.6849565958483859,314.76,334.38,2604.93,3341.99,1
7.234042553191476e-06,0.008166699,16.52736183825582,0.057053651840367994,9.95,0.9999999834382804,0.9781819487202977,0.7601649772903497,263.04,879.79,1445.05,2528.75,1
0.00012366812227074234,0.0041004163,24.33186799137251,0.03947596759704332,17.43,0.9999999803087495,0.9962448080494608,0.6461621038363657,186.63,501.95,2664.81,3402.09,1
2.1298701298701282e-05,0.010741791,20.789673424182926,0.04589329911159502,24.71,0.9493670749513401,0.9909154572622242,0.7863189784999338,333.1,354.04,2273.97,2948.08,1
0.0,0.0067704725,24.66288219980701,0.03896678448718906,20.8,0.9999999845505025,0.9965683345181183,0.5998184916418517,224.6,420.7,1842.59,2683.41,1
6.419753086419748e-06,0.001926375,25.036022357562008,0.038408324676736036,28.56,0.9999999617198148,0.9968625972307655,0.5523481450150861,277.9,306.37,910.5,2404.11,1
0.0005169747899159664,0.0066610384,16.62799123324679,0.05672796104606505,9.84,0.9999999927754327,0.9787130656620787,0.6224134899039733,214.55,889.55,1272.0,3031.11,1
0.0,0.0032036442,21.989002054705164,0.043499060882259126,33.68,0.9999999613649071,0.9936697203604358,0.7675813171542964,229.02,259.77,2746.39,3519.7,1
6.617283950617285e-05,0.005292351,20.859650193263843,0.045746386202838454,30.47,0.9999999760302306,0.9906966268644991,0.6845175490053772,151.66,287.19,2354.26,3040.28,1
3.7777777777777827e-06,0.0043151854,16.670110986656013,0.05659274017889151,22.12,0.9999999752644813,0.9784452542164583,0.6826536866397378,330.19,395.54,2221.75,3069.76,1
5.409836065573752e-06,0.010108823,23.757896769131733,0.040391153147015496,26.36,0.9999999827422875,0.9957750981691685,0.6626612683519351,253.66,332.0,0.0,2465.05,1
8.999999999999993e-06,0.004489136,16.88275693694059,0.055919789299058796,9.48,0.999999994464052,0.9799005270738279,0.8042328652523669,252.37,922.93,1381.47,2988.1,1
0.0,0.0026360874,26.58502517861934,0.03625155291774329,31.94,0.9999999408283868,0.9977771847751284,0.6242372314798765,148.55,273.95,2430.04,3315.45,1
3.456521739130436e-05,0.00595137,17.674832753945164,0.053548002982181694,23.93,0.9788730900375419,0.9688774289949669,0.6560285209627684,265.11,365.69,2218.52,3110.87,1
8.01153504880213e-05,0.008347895,22.286718916954296,0.04294293256023857,17.67,0.47390917411329453,0.993093181887649,0.5520847997228756,235.82,495.3,1959.01,3068.93,1
0.00023902439024390244,0.029873174,22.531924456682866,0.04249546193473388,17.27,0.892857019636263,1.003574092941388,0.5598489978351159,191.28,506.64,1920.07,3078.29,1
5.984732824427481e-05,0.001216044,24.350182879796517,0.03944744717392062,17.2,0.9999997810331354,0.9963204484130532,0.5355868754770811,185.84,508.63,2137.26,3156.63,1
0.0004437209302325581,0.005759306,24.754452835452845,0.03882823705823129,24.52,0.9999999702078836,0.9966318453839609,0.7073043359849175,205.6,356.8,857.13,2509.01,1
6.642687277051129e-05,0.0056333314,18.74528978329679,0.05064498981655533,16.62,0.7723603403813941,0.970026570574386,0.5960597785425246,257.29,526.56,1690.5,2994.67,1
7.234042553191476e-06,0.008166699,16.52736183825582,0.057053651840367994,9.95,0.9999999834382804,0.9781819487202977,0.7601649772903497,263.04,879.79,1445.05,2528.75,1
5.607476635514005e-06,0.003731986,23.46652907844828,0.04087216444938508,24.1,0.9999999827193269,0.9954969635823162,0.622139073278088,268.76,363.03,807.07,2487.55,1
4.3750000000000115e-06,0.0052080154,23.504173414030863,0.040809374921718815,22.56,0.9999999980493623,0.9955431729782606,0.6431887775451729,355.06,387.87,834.66,2457.42,1
4.817518248175192e-06,0.0037681411,19.38408086847937,0.04905789014732254,16.48,0.9999999790136026,0.9884112896479779,0.4792583561620804,266.47,531.05,2768.92,3581.45,1
1.3866666666666674e-05,0.008376058,22.96589313364041,0.04172596424525992,22.43,0.9999999954391052,0.9949425349128305,0.5841955094927869,361.71,390.17,957.93,2460.43,1
0.0,0.0057758368,20.653529150677542,0.04618184837406561,27.45,0.9999999803407387,0.9914071862639144,0.6352003784400679,202.48,318.76,2458.3,3224.81,1
2.6153846153846157e-05,0.012872549,17.074187922597467,0.0553275203446202,10.76,0.8999999939755938,0.9802993313514432,0.7665782851506181,292.98,813.44,1399.43,2667.56,1
6.165413533834577e-06,0.0032587266,21.928735237629244,0.043613395577042594,31.23,0.9999999796218944,0.9935881934898656,0.6842581472015709,256.75,280.19,2743.23,3488.71,1
0.00017963636363636364,0.025341427,22.359845513592813,0.04280850228303573,22.36,0.694117484969459,0.9720710375384543,0.4589538363572755,110.3,391.41,1700.91,2795.23,1
0.00027842931937172775,0.03035876,21.4615099632301,0.04452060443118108,19.11,0.7244897435955611,0.9862899693267474,0.5264741775080702,243.51,457.92,1957.64,2988.82,1
6.333333333333343e-06,0.0038604736,21.02570365953279,0.04540150069472114,16.37,0.9999999855383467,0.9921413341425502,0.6312828132567407,356.83,534.53,1408.09,3201.05,1
0.00039353658536585366,0.009396995,20.015739884562375,0.04758338300211711,13.16,0.9999999907214855,0.989902997752009,0.6351376847204451,232.1,664.9,1217.4,2538.99,1
4.948453608247436e-06,0.004221808,18.80653227340405,0.05048839373779664,27.16,0.9999999643810366,0.986630783174685,0.5794218349002701,251.06,322.15,2558.94,3410.38,1
0.0,0.0024329154,19.659901799452676,0.04840294061932531,28.4,0.9999999479422664,0.9891206250448107,0.6229072712881686,117.71,308.15,2232.57,2926.76,1
3.111111111111119e-06,0.008879598,17.09177026979062,0.05527375072133133,9.8,0.9999999917735092,0.9808171357249776,0.6144432236350739,248.75,892.59,1361.75,3028.99,1
0.00017642857142857144,0.0038359505,24.718338338984662,0.03888276088522285,13.65,0.9999998983477645,0.9965060706191118,0.6161532241986174,134.59,640.85,2083.5,3482.56,1
0.0005516981132075472,0.0036730496,23.385307166146696,0.04100830033374632,20.24,0.9999999791146588,0.99537808498426,0.756440582128091,152.86,432.24,1489.69,3156.01,1
0.0,0.0018066172,22.581801417761714,0.04240558141783028,30.6,0.9999998380815027,0.9937551854123026,0.6981830875335203,153.02,285.97,2412.81,2947.43,1
5e-06,0.0076076803,20.817109422216372,0.045835586220312925,13.56,0.9999999886119636,0.9916850870961833,0.5860033305320127,103.37,645.07,1128.26,2321.14,1
0.0,0.0091832215,16.72288310351817,0.056424228166436975,10.24,0.9999999895143358,0.979105889338498,0.7293869106839352,243.13,854.26,1325.62,3126.06,1
6.956521739130453e-06,0.004193845,18.476684753687778,0.05134344025415603,11.05,0.999999989099239,0.985956507359457,0.634833110770336,262.25,791.85,1271.09,2609.04,1
0.00012944444444444443,0.010034366,19.413917049809516,0.0489861890572016,14.68,0.6729152008898874,0.9813805950390854,0.5983698575962586,290.02,595.86,1986.98,3153.85,1
1.7865168539325843e-05,0.00087317993,25.64301442484924,0.03753329049235984,13.95,0.9999995059821309,0.9972100274588088,0.5718363490827868,105.02,627.2,2126.15,3292.9,1
0.0,0.0028193546,22.83929006451124,0.04194755788842332,18.77,0.999999969461607,0.9948071954850375,0.502864474215317,228.29,466.29,0.0,3041.86,1
3.4666666666666665e-05,0.004603068,14.61927459560867,0.06402345985268407,23.88,0.9148935273046064,0.9575466775164713,0.6676116649678324,323.22,366.45,2576.91,3352.51,1
0.0001298076923076923,0.0030701235,19.905382322426178,0.04783457123992674,15.34,0.5899914167149438,0.9829321346085982,0.6165393727627474,119.71,570.51,1924.52,2957.32,1
0.0004902857142857144,0.006702096,18.20653974537219,0.052065599179099906,9.99,0.9999999910102849,0.9849085278024777,0.6144132050223093,224.86,876.18,1449.4,3318.07,1
0.0006116666666666666,0.009429932,17.290510999562365,0.05467315812138474,10.43,0.9999999950388445,0.9815031677399142,0.5482582917010406,226.49,838.8,1389.05,2868.84,1
3.9024390243902435e-06,0.0035597638,22.769852845493073,0.04207009637376055,28.8,0.9999999804192367,0.9947211734036469,0.7003866487269339,274.91,303.85,2511.08,3047.21,1
0.00024486486486486486,0.019290822,22.214864437386094,0.043075849212781195,19.18,0.8421051432878589,0.9866018226726099,0.5233016260870526,201.63,456.25,1927.6,2777.06,1
9.21568627450978e-06,0.0052789426,19.675338391625832,0.04836680208363756,18.26,0.9999999766978528,0.9892485565614914,0.6066374189612099,266.86,479.12,807.64,2899.07,1
6.317880794701987e-05,0.0009494807,26.95276277972114,0.035774639089538186,14.54,0.9999993975446417,0.9979203305036254,0.6644039433201997,100.19,601.88,2230.0,3134.65,1
1.1527777777777764e-05,0.00378312,21.605005117161017,0.04423799042809466,20.8,0.9999999703043748,0.9930992513753275,0.6484508281066071,256.05,420.76,2708.67,3388.36,1
0.00037602739726027396,0.0062918467,13.194723699159939,0.07044871187307304,32.49,0.9999998774515484,0.9517461725617985,0.4585277225838675,128.48,269.28,2170.23,2853.67,1
9.864253393665159e-05,0.0044740704,25.300953453022593,0.03802143529838751,20.45,0.9999999799379418,0.9969890503122972,0.5457195213130057,152.3,427.94,2328.66,3035.79,1
5.573770491803276e-06,0.00855918,16.178183406515195,0.05821337311026313,9.42,0.9999999854563059,0.9764390018103962,0.5612939801952715,255.7,928.5,1395.5,3296.59,1
4.948453608247425e-06,0.017308814,20.113361018028375,0.047363373322992744,14.09,0.999999984821907,0.9902531563363398,0.6698374795384064,79.83,620.92,1143.7,2412.73,1
0.0002784057971014493,0.007825989,19.5272119923382,0.04871582172840866,12.52,0.9999999934866887,0.988955578879036,0.5482260052848795,227.15,699.14,1096.42,2495.89,1
5.672514619883041e-05,0.009766696,18.095262789717257,0.05236900958171139,10.37,0.9545454474463103,0.9843175273995961,0.6247643803280366,280.18,843.55,1404.89,3180.0,1
4.3862068965517245e-05,0.0030797499,20.75816857172103,0.04595975055086642,32.51,0.9999999621655647,0.9912253467842244,0.6104716778487415,117.69,269.13,2142.83,2844.54,1
0.0,0.0026758215,18.14964788435451,0.05222028133566946,25.12,0.9999999409029844,0.9848305306850713,0.608345353432946,240.05,348.3,2654.08,3380.26,1
2.5934065934065932e-05,0.0075150374,22.561879729885074,0.042441435550306904,20.27,0.9574467817568171,0.9941342086831135,0.6526668531630747,350.54,431.78,1028.37,3077.92,1
4.166666666666678e-06,0.015267055,17.30730323046312,0.054623009594117214,9.82,0.9999999961034903,0.9817293178151032,0.7616759695467112,300.12,890.69,1456.43,3092.25,1
0.00021989304812834222,0.010116577,20.738844979656058,0.046000604030979275,17.81,0.7399980155533844,0.9738605593476034,0.5111208261340656,203.47,491.36,1903.41,2878.6,1
4.722222222222235e-06,0.0021197002,22.069566868261152,0.04334715106315189,20.69,0.999999977136874,0.9937705896049964,0.6685403030284207,262.01,422.93,824.28,2848.72,1
3.1860465116279086e-05,0.011046654,18.951063997042684,0.050122640083166914,13.83,0.9772727209882642,0.9873351361036521,0.7521289522210023,145.9,632.7,1098.47,2258.91,1
5.094339622641523e-06,0.009075813,16.980994617937952,0.05561427614256632,9.42,0.9999999959544467,0.9803452268705939,0.7220823860643022,252.92,928.45,1289.41,2938.99,1
3.7837837837837937e-06,0.0057964153,16.385436631458358,0.05751940668493387,27.08,0.9999999840211181,0.9770889290685866,0.7674161110897854,287.33,323.15,2573.25,2777.65,1
1.081081081081084e-06,0.0027665421,20.39028287436312,0.046750199886254395,31.45,0.999999976617,0.990546821225941,0.6422070463765058,231.6,278.24,2309.14,3124.0,1
0.00018628205128205124,0.011956826,20.299708485611355,0.04694899935722278,14.66,0.9999999920996021,0.9906881220511593,0.6505748948193928,196.24,596.67,1204.19,2629.19,1
3.111111111111119e-06,0.008879598,17.09177026979062,0.05527375072133133,9.8,0.9999999917735092,0.9808171357249776,0.6144432236350739,248.75,892.59,1361.75,3028.99,1
5.1282051282051286e-05,0.009855025,21.936477680159403,0.04359867342948755,27.05,0.9499999905901948,0.9935689285056609,0.6179270272486636,234.69,323.49,2501.7,3254.9,1
0.0002596984924623116,0.02892545,20.503941776614894,0.04650310210044746,17.67,0.627450834432252,0.9867468227447925,0.5508639138709853,273.03,495.32,2003.11,3035.55,1
4.273504273504265e-05,0.0017512395,25.15775989128625,0.038229573333346596,14.71,0.9999999741033575,0.9969418412511057,0.6834905565337979,128.23,594.81,1940.0,3344.53,1
6.436781609195412e-06,0.0054654526,20.45592217470717,0.04660717874801147,13.72,0.9999999923079486,0.9910365977668607,0.5739283510571899,116.1,637.54,1199.49,2336.1,1
0.0007590000000000001,0.00551178,20.40092889602048,0.04672694371625854,12.21,0.9999999808891766,0.9908431232896948,0.5884316672345979,220.3,716.61,1096.48,2508.42,1
0.0,0.0027025011,21.91591552251554,0.04363779396103427,23.73,0.99999993643023,0.9935629905295987,0.7018860363024135,215.84,368.76,2670.27,3348.17,1
0.00021911949685534594,0.016239144,21.204375141346144,0.045036169387083,20.55,0.7142833653126338,0.9779206293471583,0.5584110985884293,118.13,425.86,1841.2,2676.72,1
3.5625000000000005e-05,0.016067186,16.628387666424224,0.05672668532838329,10.6,0.8199999726483407,0.9782283518717971,0.725973655513328,332.95,825.75,1357.54,2709.72,1
1.34090909090909e-05,0.006047162,24.15828856035276,0.03974833175162446,20.14,0.9555555475319494,0.996147389282684,0.7822323263936991,278.7,434.46,1190.14,2775.59,1
6.23376623376625e-06,0.0036252504,17.367950838699073,0.05444265442463618,27.85,0.9999999832366449,0.9814174203839576,0.49881251320781056,270.71,314.24,2494.1,3012.38,1
3.91304347826087e-06,0.010783652,17.080796465837096,0.05530729809881207,9.64,0.9999999965560752,0.980766852926862,0.5110617745620429,304.99,907.99,1450.43,3295.9,1
0.00024708333333333337,0.014231999,17.631072283258916,0.053673775980063,12.06,0.9999999900574262,0.9829726841698649,0.7104397518119958,141.62,725.42,1107.87,2284.79,1
6.23376623376625e-06,0.0036252504,17.367950838699073,0.05444265442463618,27.85,0.9999999832366449,0.9814174203839576,0.49881251320781056,270.71,314.24,2494.1,3012.38,1
5.55555555555557e-06,0.00693122,21.164738044857184,0.045116707356350955,17.83,0.9999999880279463,0.9923761142332028,0.6904684221163883,352.97,490.76,868.94,2881.98,1
0.00034717241379310344,0.000790721,26.48054459750256,0.03638938072904422,25.77,0.9999998257428941,0.9977388213397991,0.58108258766932,128.53,339.6,2013.41,2777.28,1
7.32142857142857e-05,0.012626103,24.04781426691021,0.03992364321069983,24.14,0.9885057369469413,0.9960067494128405,0.7143697977403436,232.0,362.54,838.69,2531.37,1
9.619047619047618e-05,0.0027186803,21.37015589269463,0.044702415342870616,14.83,0.9999999768408722,0.9926902017259488,0.6392376524411242,146.53,589.85,1039.64,2518.66,1
1.1527777777777764e-05,0.00378312,21.605005117161017,0.04423799042809466,20.8,0.9999999703043748,0.9930992513753275,0.6484508281066071,256.05,420.76,2708.67,3388.36,1
3.3333333333333422e-06,0.010688977,15.586739738961679,0.06028912346475387,9.09,0.9999999900678886,0.973096654109163,0.6617131887089674,330.42,962.11,1538.9,3351.56,1
0.0006738255033557048,0.0010740549,25.030199680135862,0.038416916208411526,16.53,0.9999999234942633,0.9968438748018635,0.6966130181392022,108.2,529.49,2184.03,3089.48,1
7.657894736842105e-05,0.0050762496,18.204090639367315,0.05207223912753545,14.62,0.5508465939889713,0.9866616504304043,0.6629662737128126,307.36,598.46,1845.27,3059.98,1
3.111111111111119e-06,0.008879598,17.09177026979062,0.05527375072133133,9.8,0.9999999917735092,0.9808171357249776,0.6144432236350739,248.75,892.59,1361.75,3028.99,1
0.00039574257425742577,0.008047273,19.84256436541576,0.04797874112166871,12.79,0.9999999887714502,0.9896857506070152,0.7264222676916163,201.02,683.94,1282.98,2552.99,1
1.647058823529412e-05,0.0055218865,18.820418617331207,0.05045302116503171,23.83,0.9583333129450805,0.9866247417885324,0.7803226850887781,287.69,367.11,2211.22,3315.08,1
0.00024069444444444447,0.032107,22.885786928166766,0.04186590138341948,18.97,0.5999998910913941,0.9882653035009553,0.507664134996514,109.46,461.22,1842.13,2717.37,1
5.094339622641523e-06,0.009075813,16.980994617937952,0.05561427614256632,9.42,0.9999999959544467,0.9803452268705939,0.7220823860643022,252.92,928.45,1289.41,2938.99,1
0.0001572964972866305,0.004746034,20.381406461499022,0.04676960806112898,15.25,0.5819003817162806,0.9873683578515365,0.5130522781243434,127.41,573.82,1859.13,2925.78,1
5.333333333333347e-07,0.0021805826,21.86363705796677,0.04373757322444693,18.49,0.9999999283697374,0.9934982841159276,0.5824194216565071,247.32,473.31,881.35,2821.94,1
0.0003511904761904762,0.006749471,18.86947119250551,0.05032846573074306,11.22,0.9999999807671781,0.9871413928845806,0.5748449533775237,200.8,779.56,1479.22,2204.1,1
1.615384615384615e-05,0.0066598747,13.855721818166112,0.06731413069253653,22.79,0.9999999716947855,0.9582227775278314,0.7639208784882562,334.73,383.95,2672.08,3444.55,1
6.538461538461539e-06,0.004384261,24.11921164959594,0.03981016657487679,26.65,0.9999999943464707,0.9961171770678132,0.6588859754697657,274.3,328.32,816.0,2576.32,1
3.051851851851853e-05,0.008365434,23.54951796659762,0.04073399735834376,16.08,0.9999999755016397,0.9955352998695112,0.6669056866576617,137.29,544.08,1759.2,2798.02,1
2.049079754601227e-05,0.0059576677,18.930694527897746,0.05017386617411963,22.1,0.9523808999459443,0.9849952819758714,0.6796415724910984,281.64,396.02,2609.28,3394.32,1
8.828828828828828e-06,0.009992445,20.797441875255327,0.04587694307079263,14.1,0.9999999932069495,0.9916618228034064,0.5378693680791594,121.95,620.38,1095.75,2380.8,1
7.466666666666678e-06,0.0028238932,24.56058712499685,0.03912273200571574,20.38,0.999999980359672,0.996490876469642,0.5373723012264487,259.33,429.39,1106.8,3022.09,1
0.00027552941176470593,0.0047251983,25.65574948625117,0.03751535857267087,27.04,0.9999999714096741,0.9972091347567686,0.6666928573950996,233.38,323.54,982.57,2610.94,1
1.0869565217391297e-06,0.0019169683,15.999475865480205,0.05882534308193811,27.6,0.9999996190226387,0.9749022447005402,0.5776163404905127,143.52,316.97,2181.99,2774.55,1
2.8478260869565225e-05,0.005732495,17.98594660873557,0.05267053682432104,11.89,0.9999999935904201,0.9843365299095833,0.5805868077229211,185.01,735.86,1171.37,2759.48,1
2.4042553191489366e-05,0.007452295,16.825041217207414,0.05610085204373325,21.12,0.9270832800113187,0.9779930202000408,0.5616783329307584,346.15,414.25,2688.72,3540.56,1
9.151079136690648e-05,0.003848508,15.21735779671583,0.061662325795297526,30.13,0.9999998576302499,0.969606790348474,0.7317654262677209,105.62,290.43,2096.57,2921.71,1
0.0004979545454545455,0.005973816,17.211564039808405,0.05491016575040528,10.57,0.9999999936833474,0.9813184136078108,0.6904410778215848,223.39,827.54,1315.21,2638.15,1
8.636363636363639e-06,0.0031717473,10.727619886921223,0.08526879363776205,22.08,0.9999999297547582,0.9212506476621504,0.6259476349912525,246.99,396.28,2459.84,2929.77,1
3.960396039603971e-06,0.0064757694,16.541282491112224,0.05700837441656149,10.65,0.9999999973254414,0.9782850909361768,0.6824376444657074,349.95,821.22,1267.67,2687.3,1
5.714285714285729e-06,0.005363101,21.535485160590678,0.044374460672751234,25.22,0.9999999950250551,0.9929606233266691,0.5914412452910932,286.44,346.88,866.13,2613.34,1
0.00010192307692307691,0.0034848726,18.21117884304862,0.05205302642642569,30.6,0.9999999130411087,0.9841282992381942,0.5477813397748003,130.19,285.94,2059.97,2987.77,1
1.7974683544303795e-05,0.006582719,23.23220402105639,0.04126739768000705,22.55,0.950617249917813,0.9951983745735812,0.7540998978033318,284.39,388.06,827.1,2394.42,1
5.319148936170194e-06,0.0049704695,11.818678262547103,0.0780111630480456,22.56,0.9999999159579057,0.9369606707438605,0.6629662737128126,256.7,387.86,2566.15,3221.98,1
0.0004979545454545455,0.005973816,17.211564039808405,0.05491016575040528,10.57,0.9999999936833474,0.9813184136078108,0.6904410778215848,223.39,827.54,1315.21,2638.15,1
0.00012864197530864196,0.006228977,21.345466152365763,0.04475180751125784,30.93,0.999999988533874,0.9926510487271868,0.5955343261059215,234.65,282.9,2567.98,3357.38,1
2.0268456375838934e-05,0.0013857848,20.30566487639487,0.04693587390027557,33.15,0.9999999361031109,0.9888507174255085,0.5518601664910734,125.79,263.96,2016.87,3082.21,1
0.00021224489795918368,0.030117268,20.405703545883515,0.04671652103639022,15.98,0.7099998595572521,0.9826423735437244,0.5095019898308458,261.18,547.45,1946.96,2973.27,1
0.0,0.0034491546,22.118121000045303,0.043256110650084424,24.1,0.9999999947693134,0.993857723297073,0.7837905413210059,231.04,363.13,2436.76,2515.97,1
2.7027027027027027e-05,0.01490528,21.5157465232731,0.04441336195388251,18.44,0.9473683909397597,0.9928995958987085,0.6205761363190446,335.16,474.51,1048.12,2703.46,1
6.559139784946249e-06,0.004225372,17.106496444425712,0.05522879608814996,10.56,0.999999976204786,0.9808556021137126,0.7841076646932507,274.46,828.99,1237.14,3051.49,1
0.0,0.0015696541,25.054323771800878,0.03838134540579864,21.46,0.9999999411570155,0.9968591757452268,0.7160396967335906,216.48,407.66,1012.31,2659.16,1
0.00027465346534653466,0.042667806,24.87159460844982,0.038652430015790135,20.47,0.5961538204766059,1.0955425664970817,0.46893240091672245,211.74,427.52,1753.21,2869.91,1
0.000315448275862069,0.025291031,19.293076432915406,0.049277890580355685,16.22,0.5921049828850803,1.0592279987993456,0.5894322404107953,314.82,539.6,1794.54,3022.13,1
5.936228697086312e-05,0.007334059,22.18239098566635,0.04313618904185936,16.61,0.5252433172240273,0.9899666415282327,0.49881251320781056,274.58,526.76,1962.51,2995.22,1
0.00011520053926525109,0.005186727,21.001891225321156,0.04545063830009019,14.66,0.5261671505535542,0.9876479924994495,0.6115434294932647,285.7,597.0,1962.96,3170.32,1
6.538461538461539e-06,0.004384261,24.11921164959594,0.03981016657487679,26.65,0.9999999943464707,0.9961171770678132,0.6588859754697657,274.3,328.32,816.0,2576.32,1
5.094339622641523e-06,0.009075813,16.980994617937952,0.05561427614256632,9.42,0.9999999959544467,0.9803452268705939,0.7220823860643022,252.92,928.45,1289.41,2938.99,1
0.0005557073170731708,0.007279261,18.98254376768564,0.05004367870406617,13.57,0.9999999943166344,0.9874982747838971,0.6489437839615024,178.77,644.8,1143.47,2159.0,1
0.00014465753424657533,0.011651444,19.655888209207927,0.048412345664914216,14.12,0.9999999890188558,0.9891541044225071,0.7115426512688621,220.91,619.63,1447.21,2084.25,1
6.4935064935064684e-06,0.010719201,18.417024276628783,0.051501197390150334,13.61,0.9999999942031487,0.9857881043309038,0.7000235569463653,90.78,643.09,1076.84,2146.55,1
4.8587570621469054e-06,0.0044191866,15.51874560260035,0.06053728437119233,26.03,0.9999999673277737,0.9713790331235153,0.5983698575962586,261.69,336.17,2439.85,3573.88,1
0.0001950344827586207,0.027493812,20.116553994128793,0.04735621163746879,18.71,0.770270119541106,0.977394348347108,0.6595284689878033,236.43,467.68,1787.19,2802.49,1
6.538461538461539e-06,0.004384261,24.11921164959594,0.03981016657487679,26.65,0.9999999943464707,0.9961171770678132,0.6588859754697657,274.3,328.32,816.0,2576.32,1
4.642335766423358e-05,0.005155466,19.466331589748332,0.04886073479337665,29.14,0.9999999670605586,0.9880109854061578,0.6156936853726829,129.95,300.26,2396.82,3040.29,1
0.0003235087719298246,0.008949146,16.89809151392602,0.055871878810203154,10.66,0.9322033840901047,0.9797236012832203,0.6621442569837769,289.4,821.07,1251.88,2491.5,1
3.043478260869573e-06,0.011276245,21.552520137585386,0.04434094255982632,18.72,0.9999999982296154,0.993043753375729,0.6180708505349187,466.41,467.48,939.63,3235.6,1
1.3245033112582744e-07,0.0009832319,14.988208572585078,0.06254609423313981,0.0001,0.9999994065392287,0.9690569468459974,0.6165393727627474,102.68,0.0,2236.38,2871.4,1
8.56386292834891e-05,0.006526718,20.19342682037119,0.04718444112298049,14.87,0.49690054457282823,0.9817828656588219,0.5794218349002701,253.05,588.31,1902.03,2958.4,1
0.0008358677685950412,0.0023944948,25.29179130638267,0.03803468498387316,24.79,0.999999970165853,0.9970261164000153,0.6239965342726301,116.07,352.96,2323.08,2488.7,1
4.651162790697672e-06,0.0053107683,20.56543424929327,0.04637050144412332,19.06,0.9999999869772406,0.991245730761897,0.5948161263920685,262.58,459.15,807.83,2838.28,1
0.0004979545454545455,0.005973816,17.211564039808405,0.05491016575040528,10.57,0.9999999936833474,0.9813184136078108,0.6904410778215848,223.39,827.54,1315.21,2638.15,1
8.256880733944968e-06,0.010575321,17.719109727138196,0.05342134399427346,12.12,0.9999999960813662,0.9833094139870237,0.7500513126178601,260.54,721.77,1256.37,2535.19,1
0.0,0.0017230464,25.005574897431654,0.03845329333975852,26.38,0.9999999703387867,0.9968152273817056,0.572701099597832,241.54,331.75,814.88,2585.01,1
0.00040568421052631585,0.013152755,15.681454083024134,0.059946812491463136,9.66,0.9690721457312909,0.9734064358609151,0.7209794002842248,332.59,905.87,1536.28,2953.18,1
0.0002228415300546448,0.0062308502,20.64863966771445,0.046192278838256204,16.44,0.6702210687024442,0.9885359587288328,0.6229072712881686,149.4,532.27,1870.56,2901.76,1
0.00017311258278145694,0.02543331,21.38275285819498,0.04467725691899738,18.1,0.8461532546991111,0.9771468017796883,0.6056930237203643,111.87,483.44,1770.67,2750.74,1
7.70833333333333e-06,0.0026098888,24.42649356192982,0.039329056425509816,27.0,0.9999999854849365,0.9963703971674659,0.6318596113178253,257.1,324.08,0.0,2538.29,1
6.4e-05,0.004544067,25.497830566763575,0.037738938570099675,24.8,0.9999999871458654,0.9971479268444415,0.5499453095035112,122.75,352.89,939.64,2521.87,1
0.0009438181818181821,0.009701538,17.766150117691243,0.053287434755052876,11.96,0.9999999912467848,0.9835225965666099,0.6217449055714489,223.81,731.39,1069.33,2661.54,1
0.0007199999999999999,0.006499238,19.24996540963036,0.0493828004034232,11.68,0.9999999793682005,0.9877683288711322,0.7531591406582764,227.86,749.36,1181.6,2505.12,1
4.507042253521139e-06,0.0041018203,17.764139092568396,0.053293145774860176,23.17,0.9999999810986983,0.9832195414612147,0.6515948173258969,350.99,377.58,1841.5,2795.7,1
0.0001756756756756757,0.0035647831,18.46722262135426,0.05136839596743841,28.59,0.9999999779278699,0.9854843066065048,0.5130522781243434,151.15,306.07,2026.04,3021.43,1
7.1328671328671285e-06,0.0096482495,17.88295840122721,0.05295780347294572,12.33,0.9729729639505785,0.9839344736095101,0.48422476751378185,135.49,709.64,1178.73,2209.21,1
0.00020206572769953057,0.0016877797,25.72072395360989,0.03742413572836237,24.6,0.9999999765999166,0.9972986649195736,0.5997741028260959,119.11,355.74,830.54,2491.44,1
4.631578947368433e-06,0.009642591,17.92561514556728,0.052838441039218635,11.76,0.9999999965447125,0.9841071828785525,0.7482709829498119,373.07,744.14,1196.21,2982.54,1
1.935483870967742e-05,0.010287771,21.752403238832628,0.04395140106752554,19.38,0.94999998752916,0.9932149620801454,0.7286612062356442,307.01,451.58,2727.48,3608.98,1
1.9889502762430993e-06,0.0021380852,16.24449422832483,0.057989523308689256,34.49,0.9999998429681788,0.9751057917772605,0.5993439178391957,122.58,253.69,2208.84,2892.43,1
3.7411764705882355e-05,0.0016429228,18.0531607189258,0.05248473021101872,24.58,0.9999998746863042,0.9844418916976596,0.5122196906374494,217.34,356.01,2765.94,3589.04,1
6.4935064935064684e-06,0.010719201,18.417024276628783,0.051501197390150334,13.61,0.9999999942031487,0.9857881043309038,0.7000235569463653,90.78,643.09,1076.84,2146.55,1
0.00014465753424657533,0.011651444,19.655888209207927,0.048412345664914216,14.12,0.9999999890188558,0.9891541044225071,0.7115426512688621,220.91,619.63,1447.21,2084.25,1
0.0,0.005297072,24.802672535825863,0.038755675351518123,34.13,0.9999999720062099,0.996522593272322,0.5716807861987957,133.59,256.38,2441.74,2923.3,0
0.0009609803921568627,0.015897565,17.435115654630874,0.054244303032012796,13.8,0.9999999917229372,0.9821149905339335,0.5936248951136334,209.74,634.17,1234.9,2429.39,0
1.000000000000001e-05,0.00949839,23.91075356847673,0.04014330587194473,24.6,0.9999999931364307,0.9958903664743589,0.4863429485025505,320.39,355.72,2083.88,2617.91,0
0.0,0.0019150192,28.02871855750007,0.034448644297515256,33.27,0.9999999765817585,0.9983954027632692,0.570761876491934,155.53,263.03,0.0,2363.55,0
0.0007102564102564103,0.008556659,19.83968238698354,0.04798537623704859,13.21,0.9999999926871741,0.9897143488574108,0.7813545314970969,221.38,662.16,1240.85,3011.08,0
2.3191489361702116e-05,0.011337767,20.48852224729754,0.04653647135394631,13.45,0.999999972520517,0.9910582737860582,0.6171987940038889,174.34,650.8,1068.46,2713.41,0
0.00014800000000000002,0.0042348225,22.852970847531736,0.04192349902207164,10.74,0.9999999845482235,0.9948022313731363,0.5913425035077409,232.46,814.76,1377.23,2508.24,0
5.333333333333347e-06,0.003560384,24.789290508897626,0.03877578561748287,25.06,0.9999999954160164,0.9966817908300385,0.628574848573075,333.64,349.21,906.05,3074.71,0
7.666666666666667e-05,0.021359507,21.161734308640288,0.04512282234202789,16.41,0.0,0.9840396073724136,0.7159926653041415,200.72,533.27,2206.0,3192.81,0
0.0,0.0021841866,26.700828137870815,0.036100003762445765,32.31,0.9999999770947168,0.9978447708295114,0.6987509787865283,217.36,270.8,0.0,3173.35,0
0.00018416666666666668,0.0425148,19.674895401743964,0.04836783841313404,14.02,0.9999999827068722,0.9892421743767386,0.6069263299610248,171.49,624.16,1158.71,2507.25,0
5.8698224852071e-05,0.013456988,26.417705839387406,0.036472781707484504,27.53,0.999999980644114,0.9976920870301978,0.7346450978658539,252.33,317.79,1776.95,2938.11,0
6.506024096385538e-06,0.010770131,19.767282411777384,0.04815266534021262,14.13,0.999999991220716,0.9893848429603812,0.6440071474552359,98.72,619.39,1076.03,3128.13,0
4.2558139534883724e-05,0.009786206,22.904052404677078,0.04183391096500188,17.58,0.9999999705312255,0.9947248648018231,0.6298728684995359,227.93,497.77,1165.51,2657.35,0
0.0,0.0037997826,20.893884909956586,0.045674854148211694,34.98,0.9999999911920817,0.9918852240091014,0.5874347279843741,179.16,250.12,2003.92,3038.22,0
0.00017342105263157896,0.023394937,18.800445998175615,0.05050391289631247,15.46,0.9999999786513942,0.9868312543888601,0.6868812727295968,84.76,566.0,942.02,2517.61,0
0.00012513933547695608,0.009684258,23.023320298600638,0.04162621933897498,17.65,0.6714651805642526,0.994726032556735,0.7032827600487301,245.08,495.7,1798.18,3110.58,0
7.61904761904762e-05,0.009613764,23.99475292238914,0.04000839708658398,18.2,0.9999999893744927,0.9958643369888907,0.5351896231254903,129.22,480.7,1075.43,2518.89,0
3.258064516129033e-05,0.0031460177,25.67861260001652,0.03748320855333312,27.31,0.9999999797045853,0.9972660911123181,0.7073011757562649,178.44,320.37,0.0,3217.83,0
0.0005474576271186441,0.01305273,20.947453775511754,0.04556337196234431,20.5,0.7999999769617684,0.9908500090449194,0.7006012626544159,147.55,426.93,901.1,3201.79,0
2.198757763975155e-05,0.014498882,21.84268735211634,0.043777686249658866,14.91,0.9999999541850187,0.9933276278826733,0.6671563431837715,151.38,587.04,1069.61,2523.46,0
1.5789473684210522e-05,0.008076985,11.757372873696296,0.07838604467396601,23.02,0.9999999626654275,0.9365273151240444,0.5530838178681029,374.85,380.09,2223.66,2954.32,0
3.473684210526316e-05,0.006256505,18.462675642573434,0.05138039693846411,12.41,0.9999999881044929,0.9859228512447404,0.6426976014700186,237.27,704.87,1254.37,2766.45,0
0.0,0.00467701,27.65182424191844,0.03490179164707326,30.64,0.9999999913679123,0.9982476162634454,0.6445080242874539,112.86,285.6,1315.76,2621.63,0
4.24e-05,0.017059937,20.23880218234307,0.047083634539020876,14.72,0.9999999889396006,0.990461209308241,0.5991673048280647,118.42,594.34,1054.87,2823.15,0
0.0006827826086956521,0.02066438,18.650204796992238,0.05089005485342652,12.93,0.9322033846685177,0.9863969955813017,0.5813581417674537,260.87,676.92,1055.16,3099.17,0
0.0,0.0059421486,23.418496377083084,0.040952562539375126,17.15,0.9999999875424413,0.9953316631698675,0.7277686161996743,244.09,510.27,1030.23,2582.63,0
0.0,0.0029616293,25.749379569614117,0.037384044642887616,30.27,0.9999999778176957,0.9973213752540833,0.6251876850951648,162.2,289.1,0.0,2609.3,0
0.00025253731343283584,0.015918901,19.465268704748585,0.048863272426419135,20.61,0.6346152150834073,0.9616852488428798,0.6411996937508733,166.68,424.57,1797.91,2757.75,0
0.00022568627450980392,0.015716553,14.200714503388875,0.06578638127681816,27.38,0.9999999870216668,0.9619199535844071,0.6312195719283218,234.97,319.63,2608.52,3236.53,0
0.0,0.0022349171,26.389772875803235,0.036509977813047996,32.8,0.9999999543090867,0.9976689549503871,0.5975342897078844,218.55,266.75,0.0,2768.82,0
9.549349240780911e-05,0.0065864753,24.672618207452835,0.03895200683932179,18.31,0.755042207559252,0.9935106029424676,0.6419214391127328,134.62,477.94,1757.3,2774.78,0
0.0,0.003153758,24.8146045515732,0.03873776171942397,0.0001,0.9999999850090009,0.9966847787986101,0.5748342492704123,100.48,0.0,2339.84,2994.98,0
0.0,0.002836827,26.144229419029283,0.03684024271099612,24.74,0.9999998568449198,0.9975264765734769,0.581109334798596,122.88,353.66,2262.16,2438.52,0
0.0,0.010458604,23.16971781865632,0.04137408667750816,33.93,0.9999999929304692,0.9950866694796916,0.5921470868021916,167.9,257.85,2311.9,2807.7,0
0.0007918840579710145,0.014928403,17.74575123496196,0.053345421448618154,13.43,0.9999999830165915,0.9834356637767152,0.6449226987421777,208.52,651.54,1248.58,2449.0,0
0.0,0.0025981902,28.292064003606097,0.034138939471007976,32.59,0.9999999915947962,0.9984829774016974,0.5355805444452788,127.02,268.46,2509.82,2837.97,0
0.0,0.007694432,28.382004617432965,0.03403443750759874,30.33,0.9999999896275866,0.9985107342914608,0.5750343008535401,131.16,288.47,2115.53,2669.99,0
6.193890274314214e-05,0.0055569257,23.510661332018127,0.04079857277019719,16.38,0.7291209251944359,0.9925920528015931,0.5463545419104677,137.54,534.31,1835.74,2850.96,0
0.0001209504132231405,0.006366062,22.124883961493925,0.04324346023379559,17.39,0.6087501622178636,0.9900413896198766,0.643174511788785,165.15,503.22,1843.99,2822.55,0
0.0,0.0025791842,27.43069996727494,0.035173245862783774,32.23,0.9999999772303734,0.9981623780572306,0.5425762077743888,162.98,271.48,0.0,2491.32,0
0.00061075,0.00595932,22.231879333576856,0.04304430070600047,13.79,0.9999999867102378,0.9938192229224535,0.7732396995212049,214.27,634.56,1133.06,2531.03,0
7.6190476190476256e-06,0.0074801976,17.790588205552524,0.05321813181476166,11.28,0.9999999929807906,0.9836171750851839,0.6343662042270681,268.29,775.77,1335.25,2794.73,0
8.893333333333332e-05,0.0016324869,24.47827247928195,0.0392491288729707,21.14,0.9999999819949597,0.9964338134636459,0.6299709479073772,206.05,413.93,1782.74,3353.5,0
0.0,0.0070363963,23.381205269228982,0.04101519957514485,19.53,0.9999999918506813,0.9952365740713797,0.6922872463214582,238.28,448.04,1067.85,2822.99,0
3.7704918032786986e-06,0.0037496598,22.87068808140135,0.04189238268247247,24.37,0.9999999932617915,0.9948429142942392,0.5288868563896222,350.1,359.1,0.0,3128.74,0
0.0002716262975778547,0.0275008,22.638645198128888,0.04230360884130343,20.49,0.8410581630123753,1.0267807104255828,0.6232326003629776,213.06,427.04,1799.59,2939.83,0
0.00010258064516129033,0.005111202,22.978264530885703,0.04170443606174789,31.09,0.999999924081291,0.9946794146641997,0.6922937999277156,180.04,281.43,2146.71,2391.85,0
0.00040468085106382985,0.010525318,23.605217292718557,0.04064178698783249,15.65,0.0,0.9960447850198472,0.6261451149924865,111.43,559.12,1245.74,3318.1,0
0.0,0.0028885691,27.23535955351017,0.03541658458801818,25.38,0.9999999753859209,0.99808883534422,0.7232360940367192,131.8,344.71,2010.37,3053.61,0
7.616487455197133e-05,0.0075047226,27.087119820050486,0.03560350817053632,13.76,0.023499999217590595,0.9893715306430525,0.6375983195339356,149.19,636.01,2264.59,3323.39,0
1.971014492753624e-05,0.012585626,20.882387391273138,0.045698852785999375,14.98,0.9999999943627503,0.9918068409539641,0.5426866238093688,140.37,584.06,1060.55,2344.7,0
0.00012293577981651376,0.0052968995,25.5315498057001,0.03769097573731474,26.21,0.9999999846904111,0.9971733895233627,0.7102052424375932,225.22,333.79,2679.35,3209.5,0
0.0,0.0019165039,19.783317868237873,0.04811551294840421,0.0001,0.9999998837696897,0.98938943106979,0.7194514503136611,122.08,0.0,1958.29,2711.77,0
0.0,0.007457664,26.94963351144816,0.03577864445308023,26.64,0.9999999834940391,0.9979555110800897,0.7448125966383968,115.45,328.48,1693.67,2589.74,0
1.5714285714285715e-05,0.0050479346,24.87830327967601,0.03864240978987861,27.83,0.9298245498219857,0.9967004108673055,0.676516347735111,258.45,314.42,0.0,3101.88,0
0.00036893617021276597,0.018857267,10.966567461661873,0.08356615238277558,10.73,0.0,0.9190135458642171,0.5650782190226056,304.46,815.82,1293.8,2688.34,0
0.0,0.0042781946,18.34747667322381,0.05168632669209845,34.88,0.9999999765308826,0.9854972620897978,0.7566906905818924,122.31,250.9,2150.45,3115.65,0
0.00011496376811594203,0.006007896,20.948067322533394,0.04556209826153264,15.31,0.6291837751039231,0.9866633394703259,0.5232894207403868,193.89,571.69,1817.63,2985.53,0
0.0,0.0069290632,27.49196139074414,0.03509761880854081,0.0001,0.9999999897680919,0.9981846234926296,0.6522049042591199,127.14,0.0,2121.43,2957.41,0
0.00038676258992805754,0.0037442215,26.23688581845218,0.03671491692058751,16.97,0.9999999713328829,0.9976011502280624,0.5325714747259103,131.62,515.57,2416.18,3195.25,0
8.18987341772152e-05,0.03061657,20.989404770121464,0.04547644697316999,19.76,0.9756096458157423,0.9831133616967266,0.5782199867388583,129.66,442.72,1767.8,2819.92,0
0.0005474576271186441,0.01305273,20.947453775511754,0.04556337196234431,20.5,0.7999999769617684,0.9908500090449194,0.7006012626544159,147.55,426.93,901.1,3201.79,0
0.00016708974000559127,0.0065566343,22.23654802482122,0.04303565223766467,16.5,0.5938605165320444,0.9882145022244938,0.5766943389712167,146.12,530.29,1801.88,3097.15,0
0.0,0.0027542114,26.205453967471712,0.03675733553998596,20.8,0.9999999861644869,0.997580634960832,0.5186368953115009,194.15,420.63,1993.22,3471.45,0
0.00061075,0.00595932,22.231879333576856,0.04304430070600047,13.79,0.9999999867102378,0.9938192229224535,0.7732396995212049,214.27,634.56,1133.06,2531.03,0
0.0004804444444444445,0.02753296,17.553868037107012,0.05389711719410955,13.43,0.9999999879503829,0.9824104473585809,0.6520088540460407,218.75,651.34,1312.55,2404.76,0
0.00011545454545454546,0.007803715,25.88548663411085,0.037194788906340794,27.52,0.9999999725853996,0.9973878589348119,0.7393864300099522,185.68,317.99,892.7,2386.85,0
0.00014778947368421054,0.0030223646,26.934897479715133,0.035797518166162876,29.87,0.9999999899416313,0.9979372273865998,0.5982289810534285,137.74,292.95,2163.89,2411.3,0
0.0002291891891891892,0.007809201,22.753993855868465,0.04209818382827224,31.25,0.999999988854464,0.9940799801307485,0.6278094641365628,128.61,279.96,2320.59,2675.87,0
1.6800000000000002e-05,0.0061135865,22.701894440387523,0.04219072034579739,28.62,0.923076916334564,0.9945110289275102,0.6083813917257779,255.45,305.7,2415.75,2870.83,0
7.35483870967742e-05,0.012538787,16.342340477514625,0.05766234386278827,15.13,0.9999999843219015,0.9766190863245765,0.7331192795938616,192.81,578.26,1343.9,2394.08,0
8.76190476190476e-06,0.005451021,26.17402511398938,0.03679984823025695,28.83,0.9999999893537642,0.9975553251370052,0.7060395677608683,237.98,303.5,838.18,2747.33,0
0.00020734374999999998,0.018779377,22.02846352012132,0.04342452109869342,21.05,0.7285712095400915,0.9802563187889491,0.5971650194762599,139.88,415.76,1811.12,2832.64,0
0.0,0.0027005845,26.952668517502538,0.035774759729070266,28.78,0.9999999259633484,0.9979307324443897,0.6395235157683855,138.42,304.03,2252.56,2265.26,0
3.0675675675675634e-05,0.0072800918,25.06749878100753,0.03836194674452572,28.41,0.9999999927233266,0.9968389812272486,0.6290931000103303,141.8,308.02,806.03,2234.27,0
0.00013352112676056336,0.004227974,19.688115416439132,0.048336930642091394,33.84,0.9999999768603348,0.9887843888443044,0.616548156454097,129.74,258.59,2112.18,3142.98,0
0.0,0.002890269,26.57052742159588,0.03627061552753264,26.02,0.9999999727886799,0.9977838404659569,0.5758044615467625,124.95,336.23,2185.8,2693.9,0
8.436781609195404e-05,0.018712888,19.126557839029978,0.0496855949237764,14.83,0.9999999909723997,0.9878592026182439,0.5324585832877266,201.81,590.17,1205.27,2363.29,0
0.0,0.0038532075,20.90598219977364,0.04564963081227799,34.14,0.9999999359703323,0.9914945564700686,0.6494694663697241,146.05,256.27,2118.8,2944.18,0
0.00043957446808510624,0.015302293,18.56793075534953,0.05110402384915521,26.22,0.0,0.9853880506470252,0.6375983195339356,143.75,333.77,2657.34,2999.54,0
4e-06,0.008399963,15.228248525993044,0.06162094439201396,11.78,0.9999999577074572,0.9706851881812569,0.6799018814021479,442.37,742.69,1190.27,2695.73,0
0.00019318518518518518,0.009529622,20.85944724157927,0.04574681093023619,33.61,0.9999999808831775,0.9908930159842053,0.6209373279812348,139.31,260.3,2042.14,3009.13,0
0.0001335686274509804,0.03583483,22.17464686088272,0.04315060358861106,21.18,0.7555546545439993,0.9683488350093268,0.7058005076463402,150.71,413.15,1742.66,2790.62,0
4.3956043956043835e-07,0.0036386342,19.47074281387813,0.04885020583239659,29.42,0.9999999323505071,0.9880637032101166,0.643174511788785,155.66,297.44,2187.18,2644.63,0
0.0,0.0022854274,24.26816159325242,0.039575494889467495,0.0001,0.9999999745927504,0.9962356979305833,0.5463545419104677,142.75,0.0,2203.44,3097.34,0
0.0002583606557377049,0.009296604,19.483241668714637,0.048820397482658415,14.44,0.9999999912186248,0.9887927789561559,0.6529825856855401,201.49,605.97,1035.93,2599.07,0
0.0002909941520467836,0.035007946,23.110245725526614,0.04147614302168868,21.95,0.8181816771370513,0.9770865512015575,0.6742746312953449,217.85,398.6,1694.58,2695.63,0
6.575342465753418e-06,0.014857462,13.62040059216717,0.06839757869122591,11.71,0.9999999724900598,0.9580937994049495,0.45645895553836646,242.38,747.28,1471.1,3287.79,0
6.575342465753418e-06,0.014857462,13.62040059216717,0.06839757869122591,11.71,0.9999999724900598,0.9580937994049495,0.45645895553836646,242.38,747.28,1471.1,3287.79,0
0.0,0.0076865642,22.571256234690743,0.04242455260098784,29.9,0.9999999878871135,0.9939725480182634,0.7725527447596806,147.41,292.63,2114.31,2854.9,0
0.0,0.0015886382,26.527620272440657,0.036327150334936595,0.0001,0.9999999358248007,0.9977292931513532,0.5506709493832712,127.59,0.0,2151.52,2864.33,0
8.318584070796432e-06,0.01010618,14.895274164139385,0.06291178055022512,13.23,0.9999999467072309,0.9684423528887679,0.6428198238314609,194.55,661.54,1358.23,2626.55,0
0.0,0.0032892472,23.308657386107143,0.04113760723665137,34.38,0.9999999234217205,0.9951071450638695,0.5739829977543077,123.35,254.54,2161.31,2785.82,0
0.0,0.007778283,27.616180483128108,0.03494526464108628,14.62,0.9999999821875075,0.9982448153046627,0.5899067588192529,83.79,598.35,2557.24,3139.15,0
0.0,0.0031508969,27.92525072754162,0.03457186972792027,0.0001,0.9999999856859957,0.9983599994435537,0.6323630062039937,161.53,0.0,2102.96,3016.19,0
4.64e-05,0.015576783,22.387538761000396,0.04275781262060537,15.04,0.9999999870152656,0.993877008748779,0.5496157530558619,137.94,581.67,1231.8,2539.97,0
1.3181818181818196e-05,0.0063226875,12.545725339414341,0.07382402750263027,12.51,0.9347825631619469,0.9434597349993138,0.7288699457788498,294.89,699.64,1258.75,2652.96,0
3.043478260869573e-06,0.0053634644,23.454178709190074,0.04089280657886875,23.9,0.9999999942895148,0.9954918985812695,0.6666935546031877,351.3,366.1,2491.47,2795.15,0
0.00010486486486486486,0.012482515,15.792475691577122,0.05955048072522066,26.39,0.0,0.9754303224323153,0.738130908918416,164.99,331.6,2622.9,3122.32,0
0.0,0.003359801,22.953905307819454,0.041746846167650266,0.0001,0.9999999799562651,0.9948111013297068,0.5232894207403868,164.62,0.0,2211.85,2906.01,0
0.0009279166666666666,0.014931361,20.218092033898,0.04712959103025857,18.28,0.9999999921259126,0.9902404983821006,0.564474089230121,208.55,478.55,1216.95,2336.09,0
0.000135606936416185,0.003782592,26.47144080143737,0.03640143985268066,20.91,0.9550561461764067,0.9977166828895727,0.569378042981926,126.93,418.45,2132.77,3158.85,0
0.0005026190476190477,0.013037909,19.280682198835585,0.049308006022470735,12.86,0.9999999898862395,0.9883191238409702,0.6448446032406339,199.58,680.51,1279.82,2576.02,0
7.019970193740686e-05,0.0058511347,22.71166702125724,0.04217333176547694,16.41,0.591092914315945,0.9925105728843048,0.7566906905818924,150.09,533.17,1814.95,2986.73,0
0.0,0.0020895945,26.71152719491677,0.03608606602466261,15.94,0.9999999400070403,0.9978504960220926,0.6799607788073573,129.0,548.8,2589.08,2817.77,0
0.0,0.0017843146,23.62632101991954,0.04060695867609003,0.0001,0.9999999709993486,0.9956115186323259,0.5766943389712167,131.63,0.0,2010.56,3146.19,0
0.00011233082706766916,0.0230717,22.22711914526227,0.04305312224671539,21.36,0.7697355365388399,0.9672409203344782,0.48825784778593867,115.03,409.71,1701.83,2769.67,0
0.0,0.0044275657,27.194802710876758,0.03546752961013727,26.1,0.9999999887802925,0.998002802047352,0.7164136119712149,141.75,335.3,2503.15,2983.4,0
0.0001397802197802198,0.010087904,18.807560422135357,0.050485773042624645,31.66,0.9999999887926236,0.9861662291014188,0.510387751276971,218.38,276.35,2601.27,3220.25,0
0.0,0.003805978,25.850381831174193,0.03724341822353403,21.57,0.9999999874582967,0.9973809299574209,0.6543743826402526,176.11,405.62,2825.09,3035.66,0
4.144144144144155e-06,0.008800334,18.879181719661457,0.05030388142239036,13.21,0.9999999874328034,0.9871394846160007,0.6871388962667864,115.42,662.32,1170.52,2548.38,0
2.222222222222219e-06,0.012775421,18.744129256657622,0.050647966643695114,15.05,0.9999999868467644,0.9867293722993947,0.6167443543569756,192.44,581.37,1158.98,2456.41,0
0.0,0.0051332363,24.982839303457688,0.0384869408735836,28.6,0.9999999715072534,0.996767300212373,0.6601020716006559,172.18,305.99,2380.35,2760.69,0
0.00020177215189873417,0.015656676,14.997908852078574,0.06250816961431006,23.07,0.0,0.9681917528240355,0.44801395146820433,133.39,379.26,2638.52,2976.08,0
6.923076923076924e-05,0.016676096,23.945344938808816,0.04008763969602385,25.28,0.9999999929504744,0.9958988528548884,0.7353841929183794,216.82,346.07,992.55,2901.42,0
1.0285714285714305e-05,0.009566534,20.005356607003485,0.047606904215403124,21.32,0.9999999622163808,0.9897912706862221,0.6206296478158808,273.35,410.4,1073.72,2159.47,0
4.2119205298013244e-05,0.0037674052,23.20840650920809,0.041307964636979826,34.3,0.9999999863277498,0.995025845779539,0.520746994712404,200.85,255.07,2041.62,2916.59,0
1.0736842105263136e-05,0.011351575,16.19831290838741,0.05814523815951226,15.33,0.9999999800855952,0.9762622764633808,0.4683030940206414,130.53,570.72,1065.82,2939.5,0
0.0,0.003775536,28.117473341840938,0.03434363923888375,0.0001,0.9999999727572647,0.9984271193219584,0.6606917828973103,114.62,0.0,2090.78,2745.04,0
6.631444939528962e-05,0.009669344,23.443730623917936,0.040910285560973675,19.22,0.7367477255620328,0.9909058756712834,0.5716807861987957,122.7,455.25,1907.05,2895.94,0
0.0002512941176470588,0.042126104,20.962676674104202,0.04553179081214095,16.77,0.482758578160372,0.9716470576754642,0.51914550752698,156.83,521.86,2029.04,3018.17,0
0.00027393103448275865,0.0108935125,19.3133854471524,0.04922862329381848,13.94,0.9599999760175164,0.9883311599181713,0.5847601374684926,136.7,627.89,961.58,2768.08,0
0.0003327906976744186,0.0044743735,20.78147434781936,0.04591057446486006,25.2,0.9999999720050958,0.990724745148608,0.5737193940060361,210.17,347.27,2148.48,3112.12,0
0.0,0.0032820525,27.871652303254354,0.03463605025082967,33.16,0.9999999646961001,0.9983412738649386,0.6107052218138307,97.78,263.9,836.41,2527.46,0
3.735849056603769e-05,0.0063701128,8.95272004335849,0.10047504557985694,10.0,0.5185184833140809,0.8737682199328488,0.5875751306336565,276.35,875.25,2489.35,3230.81,0
0.0,0.0037730823,25.708451752537997,0.03744133165281563,0.0001,0.9999999867064459,0.9972848282438004,0.7323853205639757,120.19,0.0,2128.55,2956.2,0
2.1739130434782549e-07,0.0061934097,21.011773126906597,0.045430233822355136,11.12,0.9999999595336595,0.991438134152893,0.5412469113290163,161.36,786.9,1387.25,3110.22,0
1.3333333333333333e-05,0.010447388,17.020983043186977,0.055490868483895534,14.08,0.9999999785284616,0.9803665650066481,0.6020924751290815,188.47,621.54,1323.32,3150.34,0
3.555555555555557e-05,0.01103267,10.77388350077407,0.08493374339352477,14.19,0.7142856733802481,0.9199489011690246,0.40435280195006573,171.62,616.83,1185.15,2728.42,0
0.00018150000000000002,0.017368317,23.62695019287096,0.0406059212435278,12.43,0.9756097371693363,0.9955243089081973,0.6224055670002423,182.07,703.94,1872.13,3026.34,0
0.0,0.008305933,27.43307644754176,0.03517030602878912,28.28,0.9999999860928639,0.9981697970343253,0.6487884110395395,134.04,309.46,2357.06,2690.33,0
0.0,0.010459999,25.720025089703206,0.037425114558943984,34.53,0.9999999955399741,0.9972866164352462,0.46802418203840007,147.69,253.4,2117.44,2861.48,0
0.0,0.003735143,27.323736363175602,0.03530607640099789,0.0001,0.9999999889132595,0.9981286607659168,0.6419214391127328,154.8,0.0,1991.88,3065.48,0
0.00010763948497854077,0.03093893,23.10638689220734,0.04148278232119726,21.29,0.8416664766862444,0.9851045493624209,0.4453295937529552,108.29,410.97,1853.23,2877.9,0
1.216783216783217e-05,0.009670231,19.09080496335009,0.0497740136258459,20.49,0.9999999660734229,0.9871732697264632,0.6226902816607157,257.93,427.08,1171.24,2421.33,0
0.00030441176470588237,0.015412948,9.729747972332992,0.09319883398739028,11.55,0.0,0.9006118958714864,0.5576393225889074,0.0,757.7,1289.35,2904.71,0
5.037037037037033e-06,0.012708876,20.47573682659728,0.04656417649714908,15.34,0.9999999915687512,0.9909388669725149,0.6643300780547058,136.0,570.55,1168.79,2248.72,0
0.0,0.0043017673,21.312052285683716,0.04481882648875106,32.53,0.9999999846756957,0.9925031167014763,0.6585273995043535,188.19,268.95,2573.78,3338.07,0
6.539473684210525e-05,0.010060298,23.97281153765246,0.04004354890086212,20.17,0.873417234289746,0.9905031260414224,0.4936718445936208,140.51,433.83,1741.64,2696.05,0
0.0001419642857142857,0.0053542,25.47966987744802,0.03776482126205325,20.79,0.9999999852531177,0.9971326009227442,0.5631759901505999,208.21,420.97,1683.18,3432.43,0
0.0,0.004875509,23.652447467281316,0.040563923777839836,30.1,0.9999999876068595,0.9956895879570392,0.7032827600487301,212.19,290.72,2528.81,3074.81,0
0.0,0.009437723,19.23103405128374,0.049429010769548185,18.02,0.9999999782714379,0.9877006057801476,0.6977687512845349,178.53,485.54,1184.05,2391.42,0
4.3421052631579035e-06,0.004365419,22.26980163999395,0.04297415231427215,31.39,0.9999999881385465,0.9939120613400511,0.7394544673157266,272.22,278.76,2321.2,3067.41,0
1.4585635359116024e-05,0.0056408625,18.553191098679154,0.05114254726777316,12.82,0.9999999781629956,0.9861832943182519,0.5802044867180355,106.56,682.44,1290.76,2729.26,0
0.0,0.0043110093,23.59120155585742,0.04066495074380814,34.76,0.9999999843898126,0.9954194733268785,0.4628193981410611,235.32,251.71,2200.09,3158.9,0
5.834862385321101e-05,0.007497525,25.481201322606818,0.03776263726926569,21.13,0.9999999895943519,0.9970581606746659,0.6017866825665269,179.45,414.07,1511.01,2901.82,0
0.00020311111111111113,0.009419081,13.91281364484475,0.06705642703083685,8.94,0.0,0.9591565332661761,0.6706609549210141,0.0,978.32,1586.78,3046.39,0
1.2673267326732677e-05,0.009483111,18.89510383508708,0.05026362306470581,13.39,0.9999999858143794,0.9872124323487395,0.658127707495168,153.35,653.58,1038.79,2574.12,0
7.619834710743804e-05,0.0077232174,20.321346551896102,0.04690135295001198,14.9,0.9999999886965001,0.99077427942445,0.6433932095028063,125.37,587.06,907.05,2799.8,0
0.0,0.007670225,20.06167251398501,0.047479610146629964,25.7,0.99999998324762,0.9899673418440508,0.6665616667560744,231.46,340.41,2627.94,3402.36,0
3.118279569892473e-05,0.007071054,21.46192966850002,0.044519772555533015,15.22,0.9999999865743666,0.9927539001001445,0.624713875325949,137.8,574.9,1027.74,2359.5,0
1.629629629629629e-05,0.007112291,23.04074865192735,0.04159604238946319,11.06,0.9999998645336624,0.9948489296614857,0.575305211295586,156.79,791.41,1848.33,2998.1,0
2.7567567567567582e-05,0.010200295,21.212685758097393,0.045019319630696206,16.09,0.9999999724094479,0.9921968020398948,0.6242587863326846,144.21,543.92,1019.96,2582.7,0
0.00012136752136752137,0.02586091,19.88717811280815,0.04787626143652184,14.04,0.9333329771586398,0.9877630966859559,0.6394728766536075,205.11,623.37,1099.91,2701.21,0
0.00020926108374384235,0.016261615,21.140993088149642,0.04516509246079041,22.26,0.9065402116781405,0.9780179790791589,0.5053614925086546,139.89,393.02,1830.21,2718.8,0
0.0,0.005420187,26.26475941738495,0.0366773821360905,27.0,0.9999999877361855,0.9976089819113082,0.6026267590566444,191.96,324.12,820.6,2743.07,0
0.00024055629139072847,0.013070514,17.909574694147732,0.05288326237762962,15.82,0.6626710967141207,0.9710973544212599,0.5605307345831938,206.13,552.93,1955.75,2922.26,0
5.517241379310359e-06,0.0070079933,13.487457673313926,0.06902522323444038,18.74,0.9999999920859185,0.9558510207789731,0.6062456270495193,230.48,466.89,2324.29,2853.77,0
1.1130434782608688e-05,0.00904833,13.67839883752902,0.06812732172416847,22.48,0.9999999707315482,0.9561942103601825,0.5960042019732775,378.91,389.16,2216.54,2975.34,0
8.48e-05,0.0082128905,21.29090152434127,0.044861352911546346,30.87,0.9999999944621775,0.992351590428589,0.6421948571615068,186.96,283.41,1990.14,3168.02,0
0.0,0.005420187,26.26475941738495,0.0366773821360905,27.0,0.9999999877361855,0.9976089819113082,0.6026267590566444,191.96,324.12,820.6,2743.07,0
5.289156626506024e-05,0.00332421,24.388076499090154,0.03938856888334323,18.99,0.9999999818887545,0.9963196747473917,0.530411021381248,154.5,460.72,950.29,2425.32,0
0.00014802591463414637,0.007175429,23.62250832186517,0.04061324650307802,17.66,0.5623661137950386,0.9914424128898934,0.7050800163067587,210.79,495.44,1857.3,2984.96,0
3.540540540540539e-05,0.0116672,20.504310023608145,0.046502305765782154,15.72,0.9999999607710891,0.99106873718018,0.47581720624603757,121.74,556.59,955.95,2670.57,0
3.6249999999999993e-05,0.009281505,10.916819201841093,0.08391500979099395,17.97,0.9999998622293782,0.912600685445098,0.6630086902800121,336.38,487.04,2342.14,2837.24,0
0.00018769230769230769,0.0090183355,22.043614194320835,0.04339597042231565,11.36,0.9999999538633203,0.9936991559108719,0.7384286075553682,195.54,770.25,1909.95,3140.43,0
0.00015951219512195123,0.0097057065,17.60275546506549,0.05375547734731671,11.38,0.9523809431604564,0.9828710786322505,0.5635288742764207,259.38,768.72,1325.69,2831.28,0
0.0,0.0040166327,24.38999425847115,0.03938559378233647,9.82,0.9999999487735575,0.9963213586769192,0.7216718930312388,127.01,891.15,2228.44,3171.53,0
0.000207859649122807,0.014912008,20.957715051114292,0.045542079295233996,21.9,0.6689179331122687,0.983783488468223,0.6844105353594839,270.34,399.5,1951.94,2888.18,0
0.00024052631578947372,0.0065983823,21.708997858946905,0.04403540861694253,16.68,0.9999999868326804,0.9932325688539303,0.6345513821101867,127.37,524.7,977.61,2947.53,0
0.0002632258064516129,0.0054828273,26.012334374798257,0.037020125181516025,25.92,0.9999999878951509,0.9974617703318949,0.6360199091110696,110.75,337.61,858.97,2345.44,0
4.594594594594583e-06,0.0033136315,20.55854405966695,0.04638532162618818,21.91,0.9999999857241878,0.9912458509239243,0.7017433271425101,283.59,399.3,853.45,3119.97,0
0.00019419847328244275,0.007121545,21.760412155045557,0.04393593548253557,30.23,0.9999999926830341,0.9932488961394655,0.6230203550949457,205.31,289.44,2338.53,2818.52,0
0.0005021052631578948,0.009917142,17.06322950022108,0.05536108590037904,32.67,0.9999999843109493,0.9805895728846126,0.5789775828649313,210.92,267.8,2431.55,3279.58,0
0.0,0.0039922115,24.35456060947488,0.03944063616019852,13.99,0.9999999769144212,0.9962905129203353,0.5981085508251838,219.65,625.61,1103.53,3242.28,0
1.6058394160583934e-05,0.0073190955,17.65127120099528,0.05361564845760419,12.33,0.9999999878235148,0.983097036067256,0.5614235030740894,181.76,709.41,1090.97,2416.21,0
0.00018127659574468084,0.011861598,10.554030309105263,0.08654988547259916,9.34,0.0,0.9127995157391311,0.6166483966612849,0.0,937.28,1607.64,2931.17,0
7.906976744186058e-06,0.0053373827,18.95278083425963,0.05011832728012351,12.77,0.9999999861259508,0.9874262639609444,0.7429807796607507,350.21,685.37,1028.53,2972.46,0
7.200000000000002e-05,0.012694005,12.852795572782258,0.07218759525801301,9.0,0.0,0.9451718267367808,0.7095083054597223,0.0,971.96,1613.18,3080.5,0
4.1791044776119404e-05,0.005751425,21.14096521497018,0.04516514931895876,20.87,0.9999999810716637,0.9919638153761866,0.5519829155592152,270.65,419.28,856.52,3090.72,0
7.5e-05,0.008426373,18.870010759431636,0.05032709906940202,13.22,0.9999999819385439,0.9871463075680242,0.7150620322281233,136.28,661.7,1023.31,3208.25,0
0.0,0.0041190945,26.78743040253865,0.03598749454388702,19.52,0.9999999462843475,0.9978665889845949,0.6909425064009618,149.42,448.34,1865.51,3087.17,0
8.820312499999998e-05,0.007294407,21.724459685295475,0.044005446723429875,18.16,0.4809725754215003,0.9889313393901519,0.5406236374304302,130.64,481.92,1875.6,2940.15,0
0.0,0.0076867146,20.811649325645007,0.04584706021402296,32.15,0.9999999789887434,0.9916699313891943,0.4990931500938419,197.91,272.13,2537.57,3202.11,0
0.0,0.0035833544,22.205250030774835,0.043093696412398,34.38,0.9999999651997268,0.9937219190728291,0.6550946982476541,106.79,254.54,2323.76,2825.53,0
0.0,0.0034673056,21.965021802664317,0.04354448293552169,20.5,0.999999958923579,0.9935889778512735,0.7471108037896389,243.02,426.85,832.09,3085.21,0
0.00018170289855072463,0.006572587,20.032042781324503,0.04754649894911561,16.73,0.6346222725710587,0.9884212676412468,0.6877980056181799,245.4,523.05,1840.54,3074.66,0
0.00013596000000000002,0.010780036,20.797026022460532,0.04587781833033368,17.1,0.715012365711263,0.9766155245563655,0.7084247012955025,193.74,511.65,1769.08,2932.9,0
0.0,0.0038395757,26.825112444363924,0.035938758630337665,30.4,0.9999999898525206,0.9978975607787268,0.7830145722347875,116.94,287.85,853.78,2307.19,0
0.0,0.0043017673,21.312052285683716,0.04481882648875106,32.53,0.9999999846756957,0.9925031167014763,0.6585273995043535,188.19,268.95,2573.78,3338.07,0
0.00015355371900826445,0.024535628,21.3207664434145,0.04480132895683066,17.67,0.8709675170307446,0.9800231882423243,0.596397219308492,158.84,495.09,1910.76,2850.73,0
4.328358208955211e-06,0.0050007836,20.006873113851395,0.047603467426126624,14.32,0.9999999897021342,0.9900979253777384,0.65755443642001,155.5,610.85,1065.88,2337.41,0
7.209302325581394e-06,0.009068334,22.709069821467953,0.0421779516248472,34.15,0.9999999928456993,0.9943280040675425,0.5660019398491015,244.79,256.19,2106.8,2892.94,0
2.059405940594059e-05,0.020432577,22.69565938319489,0.042201822022695276,29.33,0.9230769194772098,0.9943660463960557,0.6158092406573957,285.6,298.32,2283.45,2874.95,0
0.00015072463768115943,0.00988283,19.996602462562368,0.04762675303221237,14.03,0.9999999658174468,0.9896456591589835,0.6447390024193976,196.76,623.7,1132.48,2610.4,0
2.9885057471264447e-06,0.0048347563,26.853500216648193,0.03590213051221097,31.52,0.9999999882502959,0.9979208713780636,0.7264456917960606,246.16,277.59,843.04,2526.44,0
0.0001434782608695652,0.009508595,24.12590987242299,0.03979955373069107,16.83,0.9999999894445548,0.9960942803739161,0.8242541308964527,113.33,519.91,1440.87,2609.4,0
1.9047619047619053e-05,0.008963449,11.154592476842607,0.08227342890395034,23.66,0.9999999763142159,0.9188342235207124,0.567686021895976,362.4,369.83,2215.31,2985.55,0
8.15533980582524e-06,0.0085422555,23.031863436652902,0.04161142154606374,30.41,0.9999999926973516,0.9949748103004624,0.49082637293977593,283.14,287.76,2211.45,2786.65,0
2.022727272727273e-05,0.007266305,18.109697908588384,0.05232945098261206,25.03,0.9130434636107146,0.9839118223275815,0.6461260561925397,277.15,349.6,2503.4,3008.38,0
3.0948905109489056e-05,0.0038216028,12.311303164230189,0.07512412478796034,24.78,0.9999997351328304,0.9433760340684209,0.556818473489027,338.14,353.09,2085.17,2908.45,0
8.000000000000022e-06,0.009434815,20.13477365155683,0.04731538726114239,29.83,0.9999999863816175,0.9901592207480517,0.5866172342620235,284.73,293.31,2231.87,2980.44,0
1.6108108108108107e-05,0.0068181218,23.21574052492861,0.041295454044470034,16.37,0.9999999866746913,0.9951791208901573,0.5980555373574982,147.64,534.62,987.62,2524.97,0
0.00021178470254957504,0.038064238,15.549288997026665,0.060425556661658726,18.01,0.17127070867634073,0.9309750576166861,0.6190251143763169,340.77,485.94,1898.36,2921.3,0
0.0001839779005524862,0.01955116,21.270751714595537,0.04490194191984243,19.14,0.7812482234957928,1.0275020792762877,0.5031816420239598,198.88,457.1,1885.07,2963.09,0
0.00012195121951219511,0.018390562,19.86407234102861,0.04792928166921317,11.82,0.9999999695675083,0.9894318402360098,0.5844377629447873,204.47,740.35,1958.19,3107.31,0
2.184397163120568e-05,0.015875202,14.278536716680724,0.06545129409599972,33.46,0.9999999877961601,0.9517974223586965,0.4617301287158726,256.6,261.48,2191.41,3025.64,0
1.264367816091953e-06,0.013589443,14.159079824923976,0.06596706472617411,26.79,0.9666666544952132,0.9571837133435006,0.656030720669335,172.26,326.63,2537.83,3208.21,0
0.0001472727272727273,0.01663208,19.930376488980713,0.047777449226795964,14.56,0.9999999941523067,0.9898383086590186,0.6902234238180137,179.76,600.82,1070.83,2837.92,0
5.726027397260273e-05,0.011256806,18.579710253604755,0.051073278769071334,14.83,0.5466666369119221,0.9857173178068368,0.5684752117270768,87.17,589.9,1082.19,2826.8,0
0.00021375690607734808,0.023014573,16.828264588696033,0.0560907089428125,17.89,0.4570134134924876,0.9346730158997822,0.5787629207306745,276.03,488.97,1856.88,2919.23,0
0.00010518518518518518,0.004897506,26.371432824692576,0.03653444108698141,27.41,0.9999999826807564,0.9976951189072892,0.599558637933994,97.74,319.2,801.97,2385.45,0
5.702970297029703e-05,0.00938476,24.522711395733698,0.03918079017917967,20.32,0.9134614494848742,0.9938371284647206,0.5710875953288055,223.4,430.55,1747.15,3365.93,0
8.813953488372094e-05,0.0056028143,23.267169009930768,0.04120793816496574,20.75,0.9999999914076699,0.9952814565610009,0.5468252801859386,220.41,421.77,880.52,3082.54,0
0.0,0.004357196,21.68815257958241,0.04407586719510706,33.48,0.9999999807270159,0.9929851036040754,0.6002619165426066,134.88,261.38,2301.8,2848.53,0
7.142857142857143e-06,0.01166796,17.89341244886,0.052928501016254396,12.62,0.9722222113345546,0.9839122460068013,0.5209320375658181,189.88,693.56,1174.78,2313.7,0
0.0,0.0035188736,26.178744781459788,0.03679345783040571,20.42,0.9999999657924391,0.9975780712492307,0.5832648441437307,191.52,428.45,1232.13,3006.33,0
5.0632911392405066e-05,0.006142532,18.9051232614858,0.0502383224089292,28.65,0.9999999293632365,0.9869435505618032,0.7121587040584523,178.55,305.36,2533.31,3125.07,0
0.00013346938775510203,0.011339253,18.149713636965778,0.052220102031690085,12.75,0.9999999879640108,0.9848321929914814,0.5034454552028903,195.04,686.14,1138.41,3275.8,0
8.297872340425536e-06,0.00696515,21.564120426038148,0.04431814673555977,27.35,0.9999999806304848,0.9925671684345317,0.5307428008800223,304.38,319.9,1031.67,2258.14,0
1.000000000000001e-05,0.00949839,23.91075356847673,0.04014330587194473,24.6,0.9999999931364307,0.9958903664743589,0.4863429485025505,320.39,355.72,2083.88,2617.91,0
0.00014154383083555739,0.011210228,17.26559723831506,0.05474773077237997,14.44,0.5085204019377173,0.9608025896610412,0.6585273995043535,199.3,606.02,1795.96,3121.14,0
0.0,0.009817941,24.15464661451087,0.03975408660375032,27.44,0.9999999915465121,0.9959985476154433,0.5748320442745171,184.54,318.85,945.87,3199.24,0
0.00011388502842703727,0.009669198,17.893762572125254,0.05292752018993512,15.0,0.45909524198069923,0.9593605740175367,0.567686021895976,342.71,583.35,1905.79,3016.12,0
0.00015254237288135592,0.011773061,13.391206297491971,0.0694868782594184,9.19,0.0,0.9501150341180531,0.691093664997918,136.2,951.62,1596.68,3149.75,0
1.290322580645164e-05,0.005239179,26.165619014839578,0.03681123553465639,32.22,0.9999999948307958,0.9975697004544766,0.736470560693431,262.64,271.55,1858.83,2869.16,0
2.4761904761904785e-06,0.010622733,11.971423662930782,0.07709254018568218,33.07,0.9999999818735893,0.9393722902779147,0.6405175850090422,229.82,264.63,2515.73,3170.8,0
2.976190476190476e-05,0.013702029,21.483558040190633,0.04447694614048379,16.16,0.9999999909144397,0.9928390488556953,0.6620295192169329,127.27,541.34,1002.93,2831.56,0
6.980769230769228e-05,0.009413499,14.111108941222124,0.06617648009088631,15.4,0.22222217517950985,0.9626760190375679,0.6023342336039209,310.16,568.15,1216.51,2387.02,0
0.0,0.0038207204,20.13028987316041,0.047325427431556204,28.57,0.9999999844279919,0.9902995102458512,0.5406236374304302,129.15,306.31,2086.32,2760.43,0
1.6936936936936945e-05,0.013498667,18.75216655506585,0.050627357622373304,12.8,0.9999999874300923,0.986698853160201,0.46367766815596123,138.08,683.65,1252.63,2742.28,0
3.4107142857142854e-05,0.016978946,22.972701778336454,0.04171411337973076,28.88,0.9655172376671776,0.9944886262147882,0.6235933453264445,301.18,302.98,2153.45,2928.92,0
6.177777777777776e-05,0.010363092,24.76678044649095,0.03880966044930091,15.15,0.9999999671477816,0.9966273382869045,0.5562262138909807,176.47,577.56,1594.76,2849.93,0
0.0,0.0053032767,23.90283302290838,0.04015607377201178,0.0001,0.9999999828724966,0.9959142406022642,0.7084247012955025,123.74,0.0,2411.3,3245.71,0
0.0,0.0038046613,26.741818137406348,0.03604666410279815,32.21,0.999999990055744,0.9978592847276228,0.6189359278995074,138.61,271.69,836.94,2476.35,0
0.0,0.003714941,23.03072969687582,0.041613384720897914,23.68,0.9999999839282768,0.9950240157274116,0.6877980056181799,228.62,369.56,2597.99,3095.86,0
0.0,0.0016420924,19.50070804045452,0.048778803055322624,24.23,0.9999999600004188,0.9885519211812266,0.42161715762088436,246.76,361.15,2441.78,2902.87,0
0.0,0.0028609124,27.9289787051311,0.03456741457045046,28.72,0.9999999723053197,0.9983584165904715,0.5863551463493087,116.52,304.64,1334.02,2471.09,0
7.903225806451613e-05,0.01692052,24.613644238130416,0.03904169163524666,11.05,0.999999986033554,0.9964321055240298,0.6608603592574315,206.58,792.03,1868.3,3030.14,0
0.0,0.007529541,26.47940834019159,0.036390885408453005,33.46,0.9999999861475346,0.9977137431607951,0.6301462941277673,167.81,261.48,2263.16,2698.07,0
0.0,0.007060804,20.780167080049026,0.04591333006421313,30.7,0.999999981050004,0.9914071935924449,0.4937932888670621,115.63,285.02,2096.19,2835.37,0
0.0001174124293785311,0.010151036,23.439835532574048,0.04091680562527412,16.22,0.4705559487563501,0.9898436964349258,0.7121587040584523,189.73,539.55,2040.83,3039.23,0
0.00011352533333333333,0.009570411,20.85499638221204,0.04575612745531764,16.89,0.7211906314044786,0.9849929673274526,0.6002619165426066,138.8,518.19,1729.75,2813.49,0
3.0363636363636388e-05,0.0057128905,19.401207223942087,0.049016707149880705,13.88,0.9999999942179713,0.9886414907496781,0.6285986693246911,171.4,630.47,1098.8,2930.31,0
3.866666666666666e-05,0.0071865506,22.427780023247486,0.04268436868570969,17.0,0.9999999709714302,0.9939044626914861,0.6439983817050806,98.77,514.66,1016.51,2767.5,0
2.782608695652173e-05,0.012439673,25.657187283003772,0.03751333512360418,29.71,0.8333333286838392,0.9972635458588252,0.5813780052325362,216.47,294.48,987.51,2596.25,0
6.914724107406316e-05,0.011897277,19.63636511158814,0.04845814631562514,18.84,0.6150747529599668,0.9791061317618026,0.5866172342620235,300.16,464.37,1746.48,2769.84,0
0.0,0.0040627755,26.41534989859475,0.03647591599957138,33.69,0.999999988323923,0.9976928416074438,0.6904289514391769,193.23,259.71,960.35,3049.85,0
6.232558139534881e-05,0.031951193,24.73422981248275,0.038858749894078275,26.95,0.6363636340911751,0.9961632510562147,0.6321591813519974,308.68,324.62,997.98,2655.65,0
1.0117647058823516e-05,0.009162095,22.738293770114023,0.04212602681912116,27.88,0.8863636246827233,0.9945632487733461,0.6831617116346442,295.14,313.86,1043.37,2190.7,0
1.000000000000001e-05,0.00949839,23.91075356847673,0.04014330587194473,24.6,0.9999999931364307,0.9958903664743589,0.4863429485025505,320.39,355.72,2083.88,2617.91,0
0.00013339130434782609,0.010256742,15.874103875709924,0.05926240631003157,15.56,0.5031580486262642,0.9501894712922402,0.4617301287158726,261.57,562.3,1868.86,2924.9,0
3.2183908045977097e-06,0.004661823,25.29797486692718,0.03802574171814342,25.51,0.9999999913447881,0.9970366273799933,0.7050800163067587,214.1,342.95,2649.56,3206.16,0
0.0,0.0033601704,25.711753969106912,0.03743670300185212,27.98,0.9999999875840428,0.9972865184463056,0.5810486519903801,219.45,312.73,2609.08,3110.14,0
0.00022620689655172417,0.010699042,17.021805271626498,0.05548833676359818,26.2,0.0,0.9747266416290815,0.4711101964907118,0.0,333.95,2605.11,2986.44,0
0.00029185689948892676,0.015739057,18.0003407189056,0.052630635144610124,16.3,0.6044299436708545,0.9649386857686786,0.5913321281856917,187.84,536.89,2051.3,3124.99,0
1.1025641025641043e-05,0.010524652,20.336116285634034,0.04686888591216185,21.97,0.9999999892700224,0.9907325010829215,0.7817098868326889,187.78,398.19,1071.31,2272.36,0
0.000311,0.02906138,20.973868521568725,0.04550860031853005,19.51,0.6956521255864281,0.9712671648456186,0.7300298430751898,198.54,448.48,1943.46,2893.33,0
2.7450980392156935e-06,0.0075228824,9.65651575917566,0.09383930194434917,30.57,0.9999999431134782,0.9005099272572711,0.5605307345831938,219.6,286.26,2622.0,3292.24,0
1.117647058823531e-05,0.017840218,23.43892017319939,0.04091833816359188,22.73,0.9999999975608226,0.9954470945485505,0.5963172929391284,363.06,384.98,914.49,3050.04,0
1.688888888888889e-05,0.014740329,23.32667663157222,0.041107135805889594,19.52,0.9999999849180327,0.995240197559272,0.5839834606106796,154.96,448.24,1078.49,2764.91,0
7.938931297709922e-06,0.0056217574,19.657106450073005,0.04840949057492347,14.7,0.9999999797698326,0.9892671306240586,0.641183888772881,123.04,595.27,970.3,2713.0,0
0.0,0.00670757,20.679098972916243,0.046127378321825216,31.71,0.9999999796425381,0.9912042572918085,0.6018412568677293,174.25,275.9,2155.41,2803.79,0
6.9873417721519e-05,0.011600543,12.775272651571086,0.07259384444096276,13.25,0.7317072541805513,0.9465213315013632,0.7205755123327117,104.24,660.35,1223.62,2742.16,0
0.0,0.0073425295,22.26231717966044,0.04298797889637394,33.32,0.999999982939977,0.9937853691562517,0.5966999499515936,150.89,262.58,2316.74,2987.31,0
1.2325581395348834e-05,0.024806533,25.278602092905793,0.03805377456778652,32.0,0.9999999963755836,0.9970185137813795,0.5278945464697592,254.83,273.47,2186.61,2734.06,0
0.00021617021276595745,0.014776352,24.227310526720476,0.03963958024541742,12.54,0.9999999845376063,0.9961654521889924,0.6296983440546741,214.68,697.99,1696.19,2881.46,0
2.427184466019418e-05,0.011301281,17.513165531983223,0.05401561382208821,25.34,0.9999999836791735,0.9801874521117884,0.5615496548498314,340.92,345.32,2154.81,2863.46,0
2.1059602649006622e-05,0.0077292337,25.221661622536974,0.03813640853104903,26.87,0.9999999939033816,0.9969537968004919,0.7164556083633055,203.5,325.68,837.17,2611.11,0
6.551724137931052e-06,0.0068548797,19.08235610053468,0.049794954087751475,25.65,0.9999999939067664,0.9872147980727501,0.6938943187496196,273.29,341.16,2388.74,3001.21,0
0.00028281249999999997,0.011790276,21.016742649126428,0.04541997950998794,16.86,0.03030302985617852,0.9910479537866285,0.5739231039111465,142.58,519.1,997.59,3207.69,0
2.5732484076433123e-05,0.009806056,18.855845242662475,0.0503630033261636,13.13,0.9999999905508411,0.9871350616826968,0.6481966997025569,123.26,666.34,1116.24,2477.33,0
0.00018194756554307115,0.030692007,23.711619897605573,0.0404667927130465,20.89,0.7516335785456034,0.9750734756846109,0.6068292278813364,122.49,418.9,1808.64,2817.14,0
0.0005840816326530612,0.008994589,16.17348930895069,0.05822928480112704,30.38,0.9607842944596952,0.9744739954361824,0.7805078503174734,105.04,287.98,2636.34,3314.3,0
0.00014000000000000001,0.020147853,19.131199774221024,0.04967413821408441,17.24,0.2790697649988559,0.9862275333728748,0.6386774140960912,323.35,507.56,1976.11,3168.88,0
0.0,0.0042143967,26.47535820168285,0.036396249783515126,28.83,0.9999999858488076,0.99771338404549,0.4946195719001686,145.74,303.52,870.04,2518.07,0
7.0000000000000185e-06,0.015450032,22.10096866354251,0.043288228063708,18.89,0.999999997142139,0.9938622567904949,0.7293536118956396,459.67,463.11,1003.73,2819.06,0
2.7826086956521737e-05,0.010517949,19.297889726778436,0.049266205179976326,24.78,0.9999999814508835,0.987625119455576,0.5044799012375706,340.94,353.18,1038.51,2177.66,0
0.0,0.0033601704,25.711753969106912,0.03743670300185212,27.98,0.9999999875840428,0.9972865184463056,0.5810486519903801,219.45,312.73,2609.08,3110.14,0
